Supplier_ID,Product_Category,Lead_Time_Days,On_Time_Delivery_%,Defect_Rate_%,Price_Variance_%,Order_Quantity,Distance_KM,Supplier_Risk_Score,Delivery_Score,Quality_Score,Cost_Score,Logistics_Score,Risk_Adjusted_Score,Supplier_Final_Score,Rank,Category
1,Furniture,13,75.05,7.39,4.92,4441,118,8.94,75.05,26.10000000000001,75.4,97.64,10.600000000000009,52.23400000000001,953.0,Low Performer
2,Pharma,13,89.28,3.22,2.54,2209,1899,9.63,89.28,67.8,87.3,62.02,3.6999999999999886,63.77099999999999,640.0,Medium Performer
3,Food,5,92.78,5.94,14.4,3298,1217,2.73,92.78,40.599999999999994,28.0,75.66,72.7,64.29,610.0,Medium Performer
4,Pharma,17,85.01,7.21,7.09,3781,1984,7.46,85.01,27.900000000000006,64.55,60.32,25.400000000000006,53.272499999999994,938.0,Low Performer
5,Pharma,5,86.27,3.92,-0.61,3879,1401,6.98,86.27,60.8,96.95,71.98,30.19999999999999,68.86149999999999,395.0,Medium Performer
6,Apparel,6,98.54,3.83,10.0,1677,1231,4.09,98.54,61.7,50.0,75.38,59.1,71.845,269.0,Medium Performer
7,Food,6,95.42,5.02,12.11,3522,1404,1.17,95.42,49.800000000000004,39.45,71.92,88.3,71.8455,268.0,Medium Performer
8,Food,9,97.43,4.94,-6.87,77,382,7.21,97.43,50.599999999999994,65.65,92.36,27.900000000000006,66.5425,514.0,Medium Performer
9,Food,11,94.41,6.55,-4.99,2035,982,9.51,94.41,34.5,75.05,80.36,4.900000000000006,57.2215,859.0,Low Performer
10,Pharma,18,73.27,4.07,-4.59,4203,1530,6.69,73.27,59.3,77.05,69.4,33.099999999999994,61.9235,715.0,Medium Performer
11,Furniture,10,74.47,7.97,7.28,1571,1632,4.92,74.47,20.299999999999997,63.6,67.36,50.8,53.85199999999999,924.0,Low Performer
12,Food,23,85.8,0.95,5.08,346,210,5.73,85.8,90.5,74.6,95.8,42.699999999999996,77.67499999999998,100.0,Medium Performer
13,Pharma,20,77.38,0.52,5.47,2231,858,2.8,77.38,94.8,72.65,82.84,72.0,80.4955,49.0,Top Performer
14,Apparel,15,84.3,5.3,13.52,3452,518,7.75,84.3,47.0,32.400000000000006,89.64,22.5,55.364,900.0,Low Performer
15,Furniture,9,81.83,2.74,9.4,2346,1355,7.72,81.83,72.6,53.0,72.9,22.799999999999997,62.499,695.0,Medium Performer
16,Apparel,10,86.48,2.3,-6.8,2647,284,2.31,86.48,77.0,66.0,94.32,76.9,79.906,62.0,Medium Performer
17,Furniture,23,92.41,2.84,-1.31,951,220,8.9,92.41,71.6,93.45,95.6,11.0,71.4005,288.0,Medium Performer
18,Pharma,12,91.46,2.42,0.88,1148,513,3.42,91.46,75.8,95.6,89.74,65.8,82.862,24.0,Top Performer
19,Electronics,24,85.64,0.73,-0.1,1727,1936,9.84,85.64,92.7,99.5,61.28,1.5999999999999943,70.24,331.0,Medium Performer
20,Furniture,2,94.67,7.79,6.73,2931,1151,4.45,94.67,22.099999999999994,66.35,76.98,55.5,62.676500000000004,689.0,Medium Performer
21,Apparel,15,82.93,2.16,12.3,4916,712,2.6,82.93,78.4,38.5,85.76,74.0,73.63,204.0,Medium Performer
22,Pharma,6,96.9,6.01,-2.35,1428,1587,4.17,96.9,39.900000000000006,88.25,68.26,58.3,70.7685,308.0,Medium Performer
23,Furniture,22,72.14,6.22,3.8,1298,51,4.96,72.14,37.800000000000004,81.0,98.98,50.4,63.22,670.0,Medium Performer
24,Electronics,15,98.64,7.47,9.74,3785,324,1.62,98.64,25.299999999999997,51.3,93.52,83.8,69.724,355.0,Medium Performer
25,Electronics,5,89.64,0.73,0.41,4291,797,6.2,89.64,92.7,97.95,84.06,38.0,80.7655,44.0,Top Performer
26,Food,23,81.4,7.04,-5.8,1314,338,6.38,81.4,29.599999999999994,71.0,93.24,36.2,59.034,801.0,Low Performer
27,Food,24,75.91,4.45,1.87,1957,1050,7.65,75.91,55.5,90.65,79.0,23.5,62.845499999999994,685.0,Medium Performer
28,Apparel,2,84.38,5.24,-8.62,1108,292,1.26,84.38,47.599999999999994,56.900000000000006,94.16,87.4,72.645,235.0,Medium Performer
29,Furniture,23,75.84,5.33,13.56,2799,952,5.87,75.84,46.7,32.2,80.96000000000001,41.3,55.613,893.0,Low Performer
30,Furniture,24,74.99,6.65,-8.13,2098,267,1.48,74.99,33.5,59.349999999999994,94.66,85.2,66.2805,525.0,Medium Performer
31,Food,20,88.52,3.0,0.96,4298,584,7.31,88.52,70.0,95.2,88.32,26.900000000000006,72.54799999999999,241.0,Medium Performer
32,Furniture,9,85.69,6.0,3.25,2526,583,1.5,85.69,40.0,83.75,88.34,85.0,74.1035,195.0,Medium Performer
33,Furniture,16,90.1,4.46,14.63,4066,621,9.21,90.1,55.4,26.849999999999994,87.58,7.8999999999999915,55.24549999999999,903.0,Low Performer
34,Electronics,22,97.89,6.45,-5.85,4653,1052,7.32,97.89,35.5,70.75,78.96000000000001,26.799999999999997,62.110499999999995,709.5,Medium Performer
35,Food,16,85.97,7.93,-7.14,3247,1562,5.57,85.97,20.700000000000003,64.30000000000001,68.76,44.3,56.34700000000001,874.0,Low Performer
36,Pharma,10,87.43,2.0,-9.78,4636,846,4.97,87.43,80.0,51.1,83.08,50.300000000000004,72.262,255.0,Medium Performer
37,Food,22,72.69,7.96,-6.11,3603,432,2.18,72.69,20.400000000000006,69.45,91.36,78.2,62.100500000000004,711.0,Medium Performer
38,Pharma,10,91.53,1.17,-4.82,4490,1499,3.62,91.53,88.3,75.9,70.02,63.8,80.681,46.0,Top Performer
39,Electronics,11,82.0,0.52,5.76,1811,1406,8.82,82.0,94.8,71.2,71.88,11.799999999999997,68.52799999999999,409.0,Medium Performer
40,Apparel,21,99.3,0.83,-4.51,270,767,9.14,99.3,91.7,77.45,84.66,8.599999999999994,74.5185,180.0,Medium Performer
41,Furniture,22,94.7,3.06,-9.49,4868,772,1.01,94.7,69.4,52.55,84.56,89.9,80.0785,60.0,Top Performer
42,Electronics,10,85.67,5.25,10.67,4673,1114,6.35,85.67,47.5,46.65,77.72,36.5,59.6455,781.0,Low Performer
43,Furniture,4,73.7,1.02,-0.86,2938,1584,7.47,73.7,89.8,95.7,68.32,25.299999999999997,70.807,307.0,Medium Performer
44,Apparel,21,95.78,0.54,-1.16,1714,1581,6.57,95.78,94.6,94.2,68.38,34.3,80.21199999999999,56.0,Top Performer
45,Apparel,12,93.99,7.53,-2.44,4036,433,1.74,93.99,24.700000000000003,87.8,91.34,82.6,73.196,219.0,Medium Performer
46,Electronics,7,75.54,6.66,14.38,4626,438,2.96,75.54,33.400000000000006,28.099999999999994,91.24,70.4,58.43100000000001,819.0,Low Performer
47,Apparel,3,78.86,6.57,-5.75,3027,1421,3.25,78.86,34.3,71.25,71.58,67.5,63.5785,654.0,Medium Performer
48,Pharma,8,93.8,7.13,12.46,1921,1954,8.49,93.8,28.700000000000003,37.699999999999996,60.92,15.099999999999994,50.081999999999994,983.0,Low Performer
49,Apparel,19,75.56,5.75,9.42,1512,1742,5.17,75.56,42.5,52.9,65.16,48.3,57.403999999999996,851.0,Low Performer
50,Furniture,3,97.53,1.28,-8.09,394,1703,5.38,97.53,87.2,59.55,65.94,46.2,75.82549999999999,147.0,Medium Performer
51,Furniture,18,82.74,3.49,14.67,94,213,9.41,82.74,65.1,26.650000000000006,95.74,5.900000000000006,55.848499999999994,889.0,Low Performer
52,Furniture,12,72.61,5.92,-3.22,2118,205,6.73,72.61,40.8,83.9,95.9,32.69999999999999,60.698,753.0,Medium Performer
53,Furniture,13,94.47,2.6,-7.54,1564,737,9.09,94.47,74.0,62.3,85.26,9.099999999999994,66.53199999999998,515.0,Medium Performer
54,Pharma,20,81.21,5.66,10.73,2648,294,5.11,81.21,43.4,46.349999999999994,94.12,48.9,61.357499999999995,735.0,Medium Performer
55,Food,23,85.79,0.68,7.67,1051,205,2.34,85.79,93.2,61.65,95.9,76.6,83.1945,21.0,Top Performer
56,Electronics,8,73.37,2.8,5.43,1083,316,9.37,73.37,72.0,72.85,93.68,6.300000000000011,61.5665,728.0,Medium Performer
57,Furniture,21,70.08,4.62,-6.1,2090,1697,5.13,70.08,53.8,69.5,66.06,48.7,61.245,738.0,Medium Performer
58,Apparel,7,89.14,5.24,1.96,323,23,2.63,89.14,47.599999999999994,90.2,99.54,73.7,76.866,121.0,Medium Performer
59,Furniture,22,85.46,4.83,9.51,2697,1870,3.72,85.46,51.7,52.45,62.6,62.8,65.2505,574.0,Medium Performer
60,Apparel,2,87.81,5.73,-2.41,1829,1179,1.46,87.81,42.699999999999996,87.95,76.42,85.4,74.9325,163.0,Medium Performer
61,Apparel,18,93.81,0.55,-2.21,4526,1971,5.21,93.81,94.5,88.95,60.58,47.9,80.74849999999999,45.0,Top Performer
62,Furniture,12,89.4,1.26,-9.92,528,1090,8.68,89.4,87.4,50.4,78.2,13.200000000000003,66.69000000000001,506.0,Medium Performer
63,Pharma,23,75.24,7.02,-5.64,565,732,9.4,75.24,29.80000000000001,71.8,85.36,6.0,50.528000000000006,981.0,Low Performer
64,Apparel,19,80.82,5.61,11.89,4336,789,9.39,80.82,43.9,40.55,84.22,6.099999999999994,50.945499999999996,976.0,Low Performer
65,Apparel,22,97.18,1.35,1.04,1241,1243,2.13,97.18,86.5,94.8,75.14,78.7,88.25299999999999,3.0,Top Performer
66,Furniture,18,93.1,6.82,14.61,2718,538,4.44,93.1,31.799999999999997,26.950000000000003,89.24,55.599999999999994,59.966499999999996,772.0,Low Performer
67,Apparel,8,86.7,2.32,-0.11,1461,807,1.25,86.7,76.8,99.45,83.86,87.5,86.0135,9.0,Top Performer
68,Apparel,18,77.67,4.09,7.88,3330,353,8.7,77.67,59.1,60.6,92.94,13.0,59.059999999999995,800.0,Low Performer
69,Furniture,21,79.06,1.59,-2.95,321,1748,4.23,79.06,84.1,85.25,65.03999999999999,57.699999999999996,75.5745,151.0,Medium Performer
70,Furniture,10,91.96,5.83,-0.9,192,1644,6.68,91.96,41.7,95.5,67.12,33.2,65.69,557.0,Medium Performer
71,Electronics,18,95.54,5.5,-5.23,3382,1312,7.43,95.54,45.0,73.85,73.76,25.700000000000003,63.50550000000001,656.0,Medium Performer
72,Pharma,21,90.14,2.08,-1.32,837,218,4.87,90.14,79.2,93.4,95.64,51.3,80.676,47.0,Top Performer
73,Pharma,23,94.29,6.98,3.68,1731,650,3.76,94.29,30.19999999999999,81.6,87.0,62.400000000000006,69.257,380.0,Medium Performer
74,Apparel,23,93.0,3.51,14.79,672,1368,9.66,93.0,64.9,26.05000000000001,72.64,3.4000000000000057,55.9765,882.0,Low Performer
75,Pharma,9,74.49,2.69,6.61,3891,1321,9.68,74.49,73.1,66.94999999999999,73.58,3.200000000000003,58.662499999999994,812.0,Low Performer
76,Apparel,18,82.72,1.64,-5.02,3726,261,3.6,82.72,83.6,74.9,94.78,64.0,79.22899999999998,70.0,Medium Performer
77,Electronics,8,74.59,2.5,-8.88,2622,1298,5.32,74.59,75.0,55.599999999999994,74.03999999999999,46.8,66.231,529.0,Medium Performer
78,Furniture,2,77.06,0.67,-6.84,3310,280,9.76,77.06,93.3,65.8,94.4,2.4000000000000057,66.233,528.0,Medium Performer
79,Furniture,14,96.08,4.87,4.06,4762,1957,1.04,96.08,51.3,79.7,60.86,89.6,77.61,101.0,Medium Performer
80,Furniture,24,84.19,6.82,9.13,116,929,4.71,84.19,31.799999999999997,54.349999999999994,81.42,52.9,60.08149999999999,768.0,Medium Performer
81,Pharma,20,86.06,4.62,13.51,4336,1733,1.9,86.06,53.8,32.45,65.34,81.0,66.8695,501.0,Medium Performer
82,Electronics,20,75.35,2.14,-9.6,4666,428,5.58,75.35,78.6,52.0,91.44,44.2,68.03899999999999,434.0,Medium Performer
83,Pharma,18,79.37,0.75,3.07,1190,1759,1.22,79.37,92.5,84.65,64.82,87.8,83.6755,15.0,Top Performer
84,Pharma,14,76.91,2.11,1.77,2364,804,4.66,76.91,78.9,91.15,83.92,53.4,75.54249999999999,152.0,Medium Performer
85,Electronics,17,76.19,3.62,6.4,2582,1244,2.99,76.19,63.8,68.0,75.12,70.1,70.539,315.0,Medium Performer
86,Electronics,9,89.14,6.2,3.99,3630,1398,5.8,89.14,38.0,80.05,72.03999999999999,42.0,63.853500000000004,633.0,Medium Performer
87,Electronics,20,77.71,1.91,7.18,1237,1109,9.96,77.71,80.9,64.1,77.82,0.3999999999999915,61.014999999999986,743.0,Medium Performer
88,Electronics,19,88.96,5.9,6.45,4521,1693,8.2,88.96,41.0,67.75,66.14,18.0,57.3145,855.0,Low Performer
89,Furniture,2,71.75,7.0,-7.07,4798,1354,8.61,71.75,30.0,64.65,72.92,13.900000000000006,48.7945,986.0,Low Performer
90,Food,15,74.25,3.9,9.99,3389,734,6.72,74.25,61.0,50.05,85.32,32.8,60.1245,767.0,Medium Performer
91,Food,20,78.24,6.66,-6.92,598,442,1.37,78.24,33.400000000000006,65.4,91.16,86.3,68.008,435.0,Medium Performer
92,Electronics,16,87.91,4.66,7.46,4137,118,2.86,87.91,53.4,62.7,97.64,71.4,73.172,221.0,Medium Performer
93,Food,19,90.28,5.28,0.4,122,650,9.33,90.28,47.199999999999996,98.0,87.0,6.700000000000003,63.62400000000001,650.0,Medium Performer
94,Food,3,83.28,4.45,2.85,248,1555,4.3,83.28,55.5,85.75,68.9,57.0,70.0115,346.0,Medium Performer
95,Electronics,23,83.37,3.97,12.58,3251,1080,1.93,83.37,60.3,37.1,78.4,80.7,69.631,363.0,Medium Performer
96,Food,18,91.74,2.26,12.25,1831,388,7.32,91.74,77.4,38.75,92.24,26.799999999999997,67.2685,478.0,Medium Performer
97,Pharma,19,70.47,2.77,10.45,621,1860,3.7,70.47,72.3,47.75,62.8,63.0,65.2585,573.0,Medium Performer
98,Apparel,7,80.23,2.67,2.75,840,1129,3.42,80.23,73.3,86.25,77.42,65.8,76.23349999999999,134.0,Medium Performer
99,Apparel,20,94.56,4.72,8.41,1688,967,9.98,94.56,52.800000000000004,57.95,80.66,0.19999999999998863,58.3665,823.0,Low Performer
100,Electronics,5,88.1,1.4,2.82,1881,112,8.72,88.1,86.0,85.9,97.76,12.799999999999997,73.151,223.0,Medium Performer
101,Furniture,2,80.12,7.38,11.74,1905,901,4.67,80.12,26.200000000000003,41.3,81.98,53.3,55.638999999999996,892.0,Low Performer
102,Electronics,9,97.17,5.9,0.07,1224,863,9.82,97.17,41.0,99.65,82.74,1.7999999999999972,62.982499999999995,682.0,Medium Performer
103,Furniture,24,93.18,3.51,14.26,3790,1179,6.85,93.18,64.9,28.700000000000003,76.42,31.5,62.426,698.0,Medium Performer
104,Apparel,8,77.95,1.69,13.31,3327,1913,7.68,77.95,83.1,33.45,61.74,23.200000000000003,59.991499999999995,770.0,Low Performer
105,Electronics,4,89.36,7.11,8.54,228,1975,1.28,89.36,28.89999999999999,57.300000000000004,60.5,87.2,66.118,535.0,Medium Performer
106,Pharma,11,87.87,6.68,-3.01,2294,1961,2.09,87.87,33.2,84.95,60.78,79.1,69.3015,378.0,Medium Performer
107,Food,11,82.04,5.91,-6.71,4136,1060,6.7,82.04,40.9,66.45,78.8,33.0,59.28450000000001,789.0,Low Performer
108,Furniture,20,81.01,2.54,11.37,784,1765,9.09,81.01,74.6,43.150000000000006,64.7,9.099999999999994,57.715500000000006,841.0,Low Performer
109,Food,15,80.31,3.52,-5.87,848,539,6.61,80.31,64.8,70.65,89.22,33.89999999999999,66.5925,510.0,Medium Performer
110,Food,3,88.51,1.27,11.36,837,688,2.21,88.51,87.3,43.2,86.24,77.9,79.06200000000001,74.0,Medium Performer
111,Electronics,2,83.27,1.92,2.27,2845,1978,2.04,83.27,80.8,88.65,60.44,79.6,80.4425,51.0,Top Performer
112,Food,24,94.96,6.37,0.16,4354,998,8.6,94.96,36.3,99.2,80.03999999999999,14.0,63.24699999999999,668.0,Medium Performer
113,Pharma,24,90.09,5.86,12.58,4638,1115,2.25,90.09,41.4,37.1,77.7,77.5,66.212,532.0,Medium Performer
114,Food,19,72.1,4.95,5.1,3134,437,5.68,72.1,50.5,74.5,91.26,43.2,63.196,671.0,Medium Performer
115,Electronics,8,89.21,7.22,4.42,2968,1617,1.33,89.21,27.799999999999997,77.9,67.66,86.7,69.50399999999999,370.0,Medium Performer
116,Pharma,9,78.13,4.87,3.97,781,831,1.73,78.13,51.3,80.15,83.38,82.7,73.1645,222.0,Medium Performer
117,Apparel,2,87.78,4.0,-0.72,1179,1512,7.05,87.78,60.0,96.4,69.76,29.5,68.67,402.0,Medium Performer
118,Food,24,90.4,3.05,9.64,3496,1799,7.2,90.4,69.5,51.8,64.02000000000001,28.0,64.267,611.0,Medium Performer
119,Electronics,4,76.92,7.55,-3.68,1655,1195,4.07,76.92,24.5,81.6,76.1,59.3,60.911,746.0,Medium Performer
120,Apparel,24,83.71,1.12,13.47,3828,1872,2.94,83.71,88.8,32.64999999999999,62.56,70.6,72.5865,238.0,Medium Performer
121,Apparel,9,75.71,7.48,12.35,2795,941,8.32,75.71,25.19999999999999,38.25,81.18,16.799999999999997,46.2285,997.0,Low Performer
122,Furniture,23,71.57,6.7,-1.56,3220,1435,2.95,71.57,33.0,92.2,71.3,70.5,64.781,592.0,Medium Performer
123,Pharma,16,81.35,1.47,8.24,4739,1541,5.88,81.35,85.3,58.8,69.18,41.2,69.708,358.0,Medium Performer
124,Food,6,80.89,4.74,4.33,2983,1071,9.71,80.89,52.599999999999994,78.35,78.58,2.8999999999999915,57.6075,844.0,Low Performer
125,Electronics,4,99.86,7.0,-1.56,1265,1988,2.33,99.86,30.0,92.2,60.24,76.7,72.652,234.0,Medium Performer
126,Furniture,20,83.39,4.79,14.71,374,520,9.47,83.39,52.1,26.44999999999999,89.6,5.299999999999997,52.029500000000006,956.0,Low Performer
127,Pharma,2,80.01,7.3,-9.37,1900,402,2.65,80.01,27.0,53.150000000000006,91.96000000000001,73.5,62.6215,691.0,Medium Performer
128,Furniture,16,87.41,7.57,-3.68,1540,722,6.11,87.41,24.299999999999997,81.6,85.56,38.9,60.873999999999995,750.0,Medium Performer
129,Pharma,9,72.66,3.67,3.0,943,503,4.39,72.66,63.3,85.0,89.94,56.1,70.587,313.0,Medium Performer
130,Pharma,3,98.85,3.33,3.05,1440,1233,9.68,98.85,66.7,84.75,75.34,3.200000000000003,67.2165,480.0,Medium Performer
131,Food,4,89.05,7.52,4.72,3439,1288,3.46,89.05,24.80000000000001,76.4,74.24,65.4,64.879,587.0,Medium Performer
132,Pharma,15,92.65,5.56,8.79,4289,1212,4.6,92.65,44.400000000000006,56.050000000000004,75.76,54.0,65.6785,558.0,Medium Performer
133,Furniture,15,75.11,1.37,5.59,4529,556,9.85,75.11,86.3,72.05,88.88,1.5,64.1035,621.0,Medium Performer
134,Pharma,12,82.28,0.82,5.01,2313,603,5.83,82.28,91.8,74.95,87.94,41.7,76.01050000000001,140.0,Medium Performer
135,Food,17,82.68,4.73,-8.66,3482,398,5.52,82.68,52.699999999999996,56.7,92.04,44.800000000000004,64.648,601.0,Medium Performer
136,Food,5,94.65,7.48,-0.59,2421,1431,3.32,94.65,25.19999999999999,97.05,71.38,66.80000000000001,69.75049999999999,354.0,Medium Performer
137,Furniture,21,70.04,6.83,-4.2,3136,1765,7.31,70.04,31.700000000000003,79.0,64.7,26.900000000000006,52.637,949.0,Low Performer
138,Apparel,6,79.03,5.57,-3.37,4362,167,1.13,79.03,44.3,83.15,96.66,88.7,74.6625,172.0,Medium Performer
139,Apparel,23,99.44,1.54,3.86,1565,1037,1.45,99.44,84.6,80.7,79.26,85.5,88.113,4.0,Top Performer
140,Pharma,22,84.25,2.41,-5.01,2967,176,6.39,84.25,75.9,74.95,96.48,36.1,72.3605,251.0,Medium Performer
141,Electronics,15,81.48,7.07,-2.65,2402,1501,4.08,81.48,29.299999999999997,86.75,69.98,59.2,63.6195,652.0,Medium Performer
142,Pharma,24,73.59,1.87,-4.07,1217,969,9.58,73.59,81.3,79.65,80.62,4.200000000000003,63.25150000000001,666.0,Medium Performer
143,Furniture,17,99.22,2.59,13.71,160,418,9.13,99.22,74.1,31.44999999999999,91.64,8.699999999999989,63.912499999999994,628.0,Medium Performer
144,Furniture,19,70.6,1.47,13.62,4377,1445,7.42,70.6,85.3,31.900000000000006,71.1,25.799999999999997,59.56,783.0,Low Performer
145,Furniture,8,92.12,5.57,5.25,3705,1237,8.36,92.12,44.3,73.75,75.26,16.400000000000006,60.5795,756.0,Medium Performer
146,Furniture,11,93.06,7.58,13.11,3843,203,7.01,93.06,24.200000000000003,34.45,95.94,29.900000000000006,54.70950000000001,915.0,Low Performer
147,Furniture,8,77.31,2.52,9.65,1805,244,2.13,77.31,74.8,51.75,95.12,78.7,74.9075,165.0,Medium Performer
148,Food,2,90.15,4.07,4.75,1627,727,7.89,90.15,59.3,76.25,85.46000000000001,21.10000000000001,66.07350000000001,538.0,Medium Performer
149,Apparel,24,72.79,5.26,-9.84,1346,1183,2.89,72.79,47.400000000000006,50.8,76.34,71.1,63.160999999999994,673.0,Medium Performer
150,Furniture,22,77.71,8.0,9.31,3824,1192,3.91,77.71,20.0,53.449999999999996,76.16,60.9,56.1265,878.0,Low Performer
151,Electronics,20,93.64,1.29,7.56,2270,1312,8.37,93.64,87.1,62.2,73.76,16.30000000000001,69.833,350.0,Medium Performer
152,Electronics,17,95.94,4.24,5.38,1022,825,5.83,95.94,57.599999999999994,73.1,83.5,41.7,70.837,305.0,Medium Performer
153,Electronics,20,88.25,3.39,9.01,1080,413,8.74,88.25,66.1,54.95,91.74,12.599999999999994,62.936499999999995,683.0,Medium Performer
154,Electronics,5,85.21,6.99,2.82,2643,902,2.92,85.21,30.099999999999994,85.9,81.96000000000001,70.8,68.329,416.0,Medium Performer
155,Food,19,74.78,4.07,7.6,4042,687,6.47,74.78,59.3,62.0,86.26,35.3,62.245000000000005,702.0,Medium Performer
156,Electronics,3,71.89,1.33,13.38,4663,1344,1.75,71.89,86.7,33.099999999999994,73.12,82.5,72.019,258.0,Medium Performer
157,Furniture,2,73.53,5.26,-0.6,963,77,6.79,73.53,47.400000000000006,97.0,98.46,32.099999999999994,64.72500000000001,594.0,Medium Performer
158,Pharma,16,76.82,6.28,7.7,2231,1496,7.86,76.82,37.199999999999996,61.5,70.08,21.39999999999999,52.859,944.0,Low Performer
159,Electronics,6,80.25,0.52,1.89,3247,97,6.26,80.25,94.8,90.55,98.06,37.400000000000006,78.6435,81.0,Medium Performer
160,Food,21,81.43,6.94,6.86,1512,226,3.4,81.43,30.599999999999994,65.69999999999999,95.48,66.0,64.682,599.0,Medium Performer
161,Food,12,80.39,1.9,9.07,2428,10,1.28,80.39,81.0,54.65,99.8,87.2,79.9845,61.0,Medium Performer
162,Electronics,11,77.17,4.64,-8.86,3504,1168,2.08,77.17,53.6,55.7,76.64,79.2,68.41000000000001,415.0,Medium Performer
163,Pharma,3,85.29,3.62,6.17,3603,1730,6.6,85.29,63.8,69.15,65.4,34.0,65.2495,575.0,Medium Performer
164,Electronics,4,94.76,5.9,-4.33,1357,1384,9.41,94.76,41.0,78.35,72.32,5.900000000000006,58.842499999999994,810.0,Low Performer
165,Food,24,78.39,3.28,6.75,1239,149,2.86,78.39,67.2,66.25,97.02,71.4,74.2365,190.0,Medium Performer
166,Apparel,24,98.27,7.02,1.71,737,627,7.62,98.27,29.80000000000001,91.45,87.46000000000001,23.799999999999997,64.1545,617.0,Medium Performer
167,Furniture,13,96.2,5.98,9.34,4711,142,8.8,96.2,40.199999999999996,53.3,97.16,12.0,59.020999999999994,802.0,Low Performer
168,Food,21,74.85,5.36,-6.91,1257,1653,5.69,74.85,46.4,65.45,66.94,43.099999999999994,59.1865,794.0,Low Performer
169,Electronics,6,93.59,6.47,5.66,1944,187,7.02,93.59,35.3,71.7,96.26,29.80000000000001,63.243,669.0,Medium Performer
170,Furniture,6,87.24,6.16,-3.04,4972,819,8.34,87.24,38.4,84.8,83.62,16.599999999999994,60.174,766.0,Medium Performer
171,Electronics,7,87.0,0.77,11.32,1861,1391,3.35,87.0,92.3,43.4,72.18,66.5,76.203,135.0,Medium Performer
172,Electronics,10,81.73,3.46,13.21,3233,389,3.67,81.73,65.4,33.94999999999999,92.22,63.3,67.8435,447.0,Medium Performer
173,Apparel,3,85.03,7.48,14.91,3847,917,1.01,85.03,25.19999999999999,25.450000000000003,81.66,89.9,61.77250000000001,719.0,Medium Performer
174,Furniture,22,81.92,1.44,9.9,1694,1904,9.67,81.92,85.6,50.5,61.92,3.299999999999997,60.403,761.0,Medium Performer
175,Furniture,13,86.19,6.03,8.84,4018,667,9.26,86.19,39.699999999999996,55.8,86.66,7.400000000000006,54.298,920.0,Low Performer
176,Apparel,4,88.84,7.81,-4.61,2766,459,7.88,88.84,21.900000000000006,76.95,90.82,21.200000000000003,56.9915,865.0,Low Performer
177,Food,21,90.23,0.89,-1.6,240,595,1.71,90.23,91.1,92.0,88.1,82.9,89.03399999999999,1.0,Top Performer
178,Electronics,23,85.97,5.62,1.64,1385,472,5.03,85.97,43.8,91.8,90.56,49.699999999999996,69.50699999999999,369.0,Medium Performer
179,Pharma,13,91.64,4.01,9.33,4853,999,1.92,91.64,59.900000000000006,53.35,80.02,80.8,74.6315,174.0,Medium Performer
180,Electronics,18,74.24,4.84,12.87,3156,1141,1.14,74.24,51.6,35.650000000000006,77.18,88.6,65.95750000000001,540.0,Medium Performer
181,Electronics,11,76.36,1.14,-5.27,428,131,6.55,76.36,88.6,73.65,97.38,34.5,72.7435,231.0,Medium Performer
182,Food,15,94.56,0.82,13.06,4532,26,9.65,94.56,91.8,34.7,99.48,3.5,67.171,482.0,Medium Performer
183,Electronics,24,79.68,5.5,7.39,3879,1229,9.13,79.68,45.0,63.050000000000004,75.42,8.699999999999989,53.89349999999999,923.0,Low Performer
184,Apparel,18,70.69,6.67,5.27,665,336,7.27,70.69,33.3,73.65,93.28,27.30000000000001,55.3675,899.0,Low Performer
185,Apparel,19,74.61,6.37,-5.0,2380,327,1.87,74.61,36.3,75.0,93.46,81.3,68.31400000000001,419.0,Medium Performer
186,Furniture,20,76.71,4.58,-8.61,1804,818,3.47,76.71,54.2,56.95,83.64,65.3,66.52950000000001,516.0,Medium Performer
187,Pharma,18,98.72,1.25,4.21,513,1512,3.88,98.72,87.5,78.95,69.76,61.2,82.5495,27.0,Top Performer
188,Electronics,15,87.19,5.66,6.29,1016,1285,7.87,87.19,43.4,68.55,74.3,21.299999999999997,58.979499999999994,805.0,Low Performer
189,Electronics,10,97.98,2.31,-4.73,4317,512,8.22,97.98,76.9,76.35,89.76,17.799999999999997,72.6075,237.0,Medium Performer
190,Food,9,87.25,7.33,3.91,3208,128,4.47,87.25,26.700000000000003,80.45,97.44,55.300000000000004,65.7215,552.0,Medium Performer
191,Apparel,3,84.38,6.79,11.41,3674,1707,4.76,84.38,32.099999999999994,42.95,65.86,52.400000000000006,56.847500000000004,866.0,Low Performer
192,Pharma,14,79.41,5.82,10.88,4988,719,1.4,79.41,41.8,45.599999999999994,85.62,86.0,66.875,500.0,Medium Performer
193,Furniture,8,88.19,7.62,13.18,739,1531,3.6,88.19,23.799999999999997,34.099999999999994,69.38,64.0,57.260000000000005,858.0,Low Performer
194,Apparel,10,74.18,0.74,-0.85,2672,1519,5.06,74.18,92.6,95.75,69.62,49.400000000000006,76.60849999999999,128.0,Medium Performer
195,Furniture,23,96.95,6.02,-2.05,2262,54,2.05,96.95,39.800000000000004,89.75,98.92,79.5,78.2895,86.0,Medium Performer
196,Food,23,94.88,2.98,8.74,432,323,5.08,94.88,70.2,56.3,93.54,49.2,73.65299999999999,203.0,Medium Performer
197,Food,12,79.53,7.3,0.78,2306,1212,8.68,79.53,27.0,96.1,75.76,13.200000000000003,55.24,904.0,Low Performer
198,Electronics,15,98.58,2.5,-7.81,3860,1927,6.23,98.58,75.0,60.95,61.46,37.699999999999996,71.1525,294.0,Medium Performer
199,Pharma,5,94.76,5.94,-2.93,3553,427,1.71,94.76,40.599999999999994,85.35,91.46000000000001,82.9,77.1065,111.0,Medium Performer
200,Furniture,14,89.99,7.08,0.46,1462,565,2.73,89.99,29.200000000000003,97.7,88.7,72.7,72.36200000000001,250.0,Medium Performer
201,Apparel,3,73.65,0.81,-2.69,1633,1816,5.27,73.65,91.9,86.55,63.68,47.300000000000004,73.88050000000001,199.0,Medium Performer
202,Food,24,84.35,3.48,-1.69,421,1111,4.25,84.35,65.2,91.55,77.78,57.5,74.6155,176.0,Medium Performer
203,Electronics,6,85.18,6.22,-2.66,660,335,4.23,85.18,37.800000000000004,86.7,93.3,57.699999999999996,68.879,394.0,Medium Performer
204,Electronics,12,76.98,3.91,-8.96,165,1723,5.76,76.98,60.9,55.199999999999996,65.53999999999999,42.400000000000006,61.63300000000001,725.0,Medium Performer
205,Furniture,7,72.4,2.5,5.93,496,1390,6.26,72.4,75.0,70.35,72.2,37.400000000000006,65.7225,551.0,Medium Performer
206,Food,19,93.3,2.15,4.93,1441,1449,8.17,93.3,78.5,75.35,71.02,18.299999999999997,69.67949999999999,361.0,Medium Performer
207,Pharma,22,73.66,1.49,6.33,3374,1996,4.07,73.66,85.1,68.35,60.08,59.3,71.4935,286.0,Medium Performer
208,Food,11,87.83,6.93,-5.19,1390,524,8.25,87.83,30.700000000000003,74.05,89.52,17.5,57.5835,845.0,Low Performer
209,Furniture,5,98.09,4.82,-2.61,4560,223,4.05,98.09,51.8,86.95,95.54,59.5,76.8735,120.0,Medium Performer
210,Furniture,10,96.28,1.07,5.49,2989,1887,1.5,96.28,89.3,72.55,62.26,85.0,85.31750000000001,11.0,Top Performer
211,Food,7,78.33,3.37,4.99,3749,83,5.99,78.33,66.3,75.05,98.34,40.099999999999994,69.1855,383.0,Medium Performer
212,Furniture,3,95.54,3.26,2.66,1123,1596,6.29,95.54,67.4,86.7,68.08,37.1,72.745,230.0,Medium Performer
213,Food,18,70.01,1.86,-1.24,4863,1612,9.41,70.01,81.4,93.8,67.75999999999999,5.900000000000006,63.379,659.0,Medium Performer
214,Apparel,6,70.53,3.77,12.82,3619,518,7.53,70.53,62.3,35.900000000000006,89.64,24.700000000000003,56.022999999999996,881.0,Low Performer
215,Food,7,88.08,2.99,-1.51,3200,341,9.26,88.08,70.1,92.45,93.18,7.400000000000006,68.6145,405.0,Medium Performer
216,Food,13,80.94,3.06,1.39,1655,1126,9.18,80.94,69.4,93.05,77.48,8.200000000000003,64.9775,584.0,Medium Performer
217,Furniture,24,81.59,6.04,6.95,4707,697,6.44,81.59,39.6,65.25,86.06,35.599999999999994,59.8905,777.0,Low Performer
218,Furniture,22,86.93,2.17,3.58,2344,666,5.75,86.93,78.3,82.1,86.68,42.5,75.137,157.0,Medium Performer
219,Electronics,11,75.75,5.31,-1.33,3712,1552,6.02,75.75,46.900000000000006,93.35,68.96000000000001,39.800000000000004,63.3085,665.0,Medium Performer
220,Electronics,23,76.35,4.78,0.89,4532,1302,9.8,76.35,52.199999999999996,95.55,73.96000000000001,2.0,58.083499999999994,834.0,Low Performer
221,Apparel,22,84.54,4.76,9.86,4847,1409,7.96,84.54,52.400000000000006,50.7,71.82,20.400000000000006,57.32900000000001,854.0,Low Performer
222,Electronics,7,92.63,5.47,-3.05,1033,1867,1.96,92.63,45.300000000000004,84.75,62.66,80.4,74.1725,193.0,Medium Performer
223,Food,9,88.58,4.61,-6.44,401,1037,8.01,88.58,53.9,67.8,79.26,19.900000000000006,62.12500000000001,708.0,Medium Performer
224,Furniture,3,78.92,7.09,-2.17,1774,1171,2.53,78.92,29.099999999999994,89.15,76.58,74.7,66.9215,496.0,Medium Performer
225,Electronics,13,82.91,5.57,11.24,2001,1264,5.03,82.91,44.3,43.8,74.72,49.699999999999996,59.92999999999999,774.0,Low Performer
226,Electronics,14,75.12,4.6,-7.78,1329,609,2.89,75.12,54.0,61.1,87.82,71.1,68.203,422.0,Medium Performer
227,Apparel,22,72.24,6.72,14.79,1957,1562,7.21,72.24,32.8,26.05000000000001,68.76,27.900000000000006,46.2355,996.0,Low Performer
228,Apparel,8,93.48,5.05,3.53,4898,1085,8.9,93.48,49.5,82.35,78.3,11.0,62.8015,687.0,Medium Performer
229,Food,11,77.96,2.68,14.62,1074,1679,3.61,77.96,73.2,26.900000000000006,66.42,63.9,65.14500000000001,578.0,Medium Performer
230,Furniture,14,75.33,2.05,13.47,595,1756,1.74,75.33,79.5,32.64999999999999,64.88,82.6,70.37950000000001,323.0,Medium Performer
231,Apparel,18,90.75,1.64,1.32,4224,334,3.69,90.75,83.6,93.4,93.32,63.1,84.087,14.0,Top Performer
232,Electronics,22,88.54,7.25,-5.04,2431,1001,7.05,88.54,27.5,74.8,79.98,29.5,58.555,813.0,Low Performer
233,Furniture,15,89.0,5.83,-5.88,938,1938,3.96,89.0,41.7,70.6,61.24,60.4,65.919,542.0,Medium Performer
234,Furniture,3,76.87,7.53,-4.0,1155,1764,3.5,76.87,24.700000000000003,80.0,64.72,65.0,60.708000000000006,752.0,Medium Performer
235,Electronics,23,76.98,5.02,7.75,2599,726,2.66,76.98,49.800000000000004,61.25,85.48,73.4,67.9595,440.0,Medium Performer
236,Apparel,12,76.62,4.05,-3.18,2040,732,5.48,76.62,59.5,84.1,85.36,45.199999999999996,68.05199999999999,433.0,Medium Performer
237,Electronics,2,75.21,0.95,-1.46,4048,286,3.48,75.21,90.5,92.7,94.28,65.2,81.561,36.0,Top Performer
238,Furniture,20,89.67,5.54,1.22,3825,545,7.58,89.67,44.6,93.9,89.1,24.200000000000003,65.88600000000001,545.5,Medium Performer
239,Pharma,22,95.44,4.87,12.83,2862,1519,1.69,95.44,51.3,35.849999999999994,69.62,83.1,70.4165,321.0,Medium Performer
240,Pharma,5,91.73,7.93,-5.27,970,1549,6.98,91.73,20.700000000000003,73.65,69.02,30.19999999999999,56.6835,868.0,Low Performer
241,Food,20,93.76,2.29,-9.87,4695,161,3.14,93.76,77.1,50.650000000000006,96.78,68.6,78.3985,84.0,Medium Performer
242,Electronics,22,82.14,4.48,-8.5,2111,964,5.4,82.14,55.199999999999996,57.5,80.72,46.0,64.339,607.0,Medium Performer
243,Electronics,12,89.62,5.38,12.62,4537,1516,3.57,89.62,46.2,36.900000000000006,69.68,64.30000000000001,63.79900000000001,638.0,Medium Performer
244,Food,9,80.63,5.33,6.19,3689,268,7.5,80.63,46.7,69.05,94.64,25.0,60.6855,754.0,Medium Performer
245,Food,12,85.77,4.71,-3.17,3215,333,9.51,85.77,52.9,84.15,93.34,4.900000000000006,61.892500000000005,718.0,Medium Performer
246,Food,5,84.45,6.33,-5.57,4485,1026,9.25,84.45,36.7,72.15,79.48,7.5,54.7805,913.0,Low Performer
247,Furniture,18,75.31,2.04,-2.64,2694,878,6.25,75.31,79.6,86.8,82.44,37.5,71.25699999999999,290.0,Medium Performer
248,Electronics,8,81.61,5.94,-7.13,4902,1201,5.16,81.61,40.599999999999994,64.35,75.98,48.4,61.56349999999999,729.0,Medium Performer
249,Furniture,9,98.91,5.15,13.54,1095,697,8.36,98.91,48.5,32.30000000000001,86.06,16.400000000000006,58.529,815.0,Low Performer
250,Food,4,77.46,7.22,9.61,3606,319,7.15,77.46,27.799999999999997,51.95,93.62,28.5,53.0425,941.0,Low Performer
251,Electronics,23,74.01,6.85,1.56,2731,812,2.65,74.01,31.5,92.2,83.76,73.5,66.98400000000001,490.0,Medium Performer
252,Furniture,3,82.56,2.86,11.62,3249,1512,8.39,82.56,71.4,41.900000000000006,69.76,16.099999999999994,59.099000000000004,799.0,Low Performer
253,Furniture,24,93.71,2.57,-3.76,988,1089,4.86,93.71,74.3,81.2,78.22,51.4,76.97,117.0,Medium Performer
254,Food,16,87.46,7.86,7.93,4993,629,2.7,87.46,21.39999999999999,60.35,87.42,73.0,63.982499999999995,626.0,Medium Performer
255,Electronics,23,90.43,4.45,11.4,491,482,3.54,90.43,55.5,43.0,90.36,64.6,69.41000000000001,373.0,Medium Performer
256,Food,23,75.69,7.3,-1.08,2600,1329,3.41,75.69,27.0,94.6,73.42,65.9,64.169,616.0,Medium Performer
257,Electronics,6,88.57,1.73,8.94,4275,470,5.67,88.57,82.7,55.300000000000004,90.6,43.3,73.261,214.0,Medium Performer
258,Pharma,2,79.71,5.32,-2.62,646,1357,3.11,79.71,46.8,86.9,72.86,68.9,69.714,357.0,Medium Performer
259,Apparel,5,95.03,6.57,-2.53,1555,823,2.11,95.03,34.3,87.35,83.53999999999999,78.9,74.32050000000001,189.0,Medium Performer
260,Apparel,16,88.88,7.61,-7.32,911,855,2.11,88.88,23.89999999999999,63.4,82.9,78.9,66.219,530.0,Medium Performer
261,Apparel,21,75.97,3.03,1.0,2690,1174,6.25,75.97,69.7,95.0,76.52,37.5,69.618,364.0,Medium Performer
262,Food,20,71.94,5.94,8.24,3781,676,7.61,71.94,40.599999999999994,58.8,86.48,23.89999999999999,53.98,921.0,Low Performer
263,Pharma,4,71.28,4.54,13.51,1601,271,3.89,71.28,54.6,32.45,94.58,61.1,61.579499999999996,727.0,Medium Performer
264,Electronics,21,81.14,0.95,5.09,3286,1818,1.31,81.14,90.5,74.55,63.64,86.9,81.89349999999999,31.0,Top Performer
265,Furniture,12,77.98,5.67,11.58,1786,1453,2.15,77.98,43.3,42.1,70.94,78.5,63.328,664.0,Medium Performer
266,Electronics,18,89.38,5.68,10.56,1499,1777,9.23,89.38,43.2,47.199999999999996,64.46000000000001,7.699999999999989,52.68,948.0,Low Performer
267,Furniture,14,84.98,7.48,-5.67,314,1274,5.44,84.98,25.19999999999999,71.65,74.52,45.599999999999994,59.113499999999995,798.0,Low Performer
268,Electronics,12,77.98,4.23,2.15,2709,364,5.08,77.98,57.699999999999996,89.25,92.72,49.2,70.3185,327.0,Medium Performer
269,Pharma,3,74.48,2.23,-7.08,2771,1882,1.34,74.48,77.7,64.6,62.36,86.6,75.01500000000001,160.0,Medium Performer
270,Furniture,10,73.82,0.83,7.05,1512,779,7.56,73.82,91.7,64.75,84.42,24.400000000000006,68.10549999999999,430.0,Medium Performer
271,Food,3,95.94,3.62,13.75,4302,1794,5.75,95.94,63.8,31.25,64.12,42.5,64.3315,609.0,Medium Performer
272,Electronics,22,77.3,2.76,-6.57,1495,1622,2.82,77.3,72.4,67.15,67.56,71.8,72.4785,246.0,Medium Performer
273,Electronics,10,89.55,6.21,8.35,2348,189,1.99,89.55,37.9,58.25,96.22,80.1,70.7195,310.0,Medium Performer
274,Furniture,10,94.32,3.16,5.81,2975,75,4.45,94.32,68.4,70.95,98.5,55.5,76.98849999999999,115.0,Medium Performer
275,Food,9,88.42,7.62,4.59,1682,829,8.53,88.42,23.799999999999997,77.05,83.42,14.700000000000003,55.31549999999999,902.0,Low Performer
276,Food,18,95.79,7.72,-0.25,2424,1381,8.79,95.79,22.799999999999997,98.75,72.38,12.100000000000009,58.9075,807.0,Low Performer
277,Pharma,2,81.77,5.16,-1.12,562,180,6.43,81.77,48.4,94.4,96.4,35.7,67.571,464.0,Medium Performer
278,Food,12,98.69,7.46,-8.87,265,483,7.55,98.69,25.400000000000006,55.650000000000006,90.34,24.5,58.2385,828.0,Low Performer
279,Food,9,73.99,6.21,-4.55,3381,543,2.04,73.99,37.9,77.25,89.14,79.6,68.09349999999999,431.0,Medium Performer
280,Food,11,73.06,4.6,-9.62,2222,1400,6.29,73.06,54.0,51.900000000000006,72.0,37.1,57.82300000000001,839.0,Low Performer
281,Apparel,8,89.76,1.85,4.54,3203,1140,7.0,89.76,81.5,77.3,77.2,30.0,72.618,236.0,Medium Performer
282,Pharma,4,98.28,3.94,-7.35,1756,448,2.81,98.28,60.6,63.25,91.03999999999999,71.9,77.6055,102.0,Medium Performer
283,Electronics,4,94.27,4.71,11.83,2156,844,8.92,94.27,52.9,40.85,83.12,10.799999999999997,58.10549999999999,833.0,Low Performer
284,Furniture,19,72.29,6.98,3.08,1617,236,2.75,72.29,30.19999999999999,84.6,95.28,72.5,65.955,541.0,Medium Performer
285,Electronics,6,78.38,4.11,7.49,2258,1477,3.82,78.38,58.9,62.55,70.46000000000001,61.800000000000004,67.0275,485.0,Medium Performer
286,Pharma,13,97.91,7.23,0.27,2381,451,6.59,97.91,27.69999999999999,98.65,90.98,34.099999999999994,67.0135,487.0,Medium Performer
287,Furniture,13,77.59,5.56,4.01,2203,405,6.75,77.59,44.400000000000006,79.95,91.9,32.5,62.0595,713.0,Medium Performer
288,Pharma,20,93.44,1.53,13.57,1178,737,7.29,93.44,84.7,32.150000000000006,85.26,27.099999999999994,67.9755,438.0,Medium Performer
289,Food,7,94.75,7.96,-7.93,3560,1614,2.01,94.75,20.400000000000006,60.35,67.72,79.9,65.32950000000001,570.0,Medium Performer
290,Furniture,3,84.86,4.45,-3.65,4373,93,8.65,84.86,55.5,81.75,98.14,13.5,64.1095,620.0,Medium Performer
291,Food,13,81.59,3.44,9.5,3703,1648,5.8,81.59,65.6,52.5,67.03999999999999,42.0,63.855999999999995,631.0,Medium Performer
292,Electronics,20,83.5,5.44,-7.53,2415,1584,5.24,83.5,45.599999999999994,62.35,68.32,47.599999999999994,62.1545,705.0,Medium Performer
293,Electronics,6,76.81,1.32,-8.11,4947,1046,9.83,76.81,86.8,59.45,79.08,1.7000000000000028,61.908500000000004,717.0,Medium Performer
294,Furniture,13,96.68,5.27,-0.96,2971,1842,7.66,96.68,47.300000000000004,95.2,63.16,23.400000000000006,66.105,536.0,Medium Performer
295,Furniture,18,83.52,4.24,-7.7,4617,1858,2.06,83.52,57.599999999999994,61.5,62.84,79.4,70.845,304.0,Medium Performer
296,Pharma,18,96.47,3.55,4.63,1129,702,7.81,96.47,64.5,76.85,85.96000000000001,21.900000000000006,69.56949999999999,368.0,Medium Performer
297,Pharma,11,73.17,7.65,-4.34,3561,502,1.86,73.17,23.5,78.3,89.96000000000001,81.4,64.84700000000001,590.0,Medium Performer
298,Food,24,99.65,4.42,12.39,2791,1301,1.25,99.65,55.8,38.05,73.98,87.5,74.4505,183.0,Medium Performer
299,Furniture,18,83.3,2.14,9.59,3070,1558,4.63,83.3,78.6,52.05,68.84,53.7,70.0715,340.0,Medium Performer
300,Electronics,16,71.43,3.94,7.49,278,1153,9.94,71.43,60.6,62.55,76.94,0.6000000000000085,53.77550000000001,928.0,Low Performer
301,Pharma,13,71.14,7.4,5.42,220,979,2.57,71.14,26.0,72.9,80.42,74.3,61.679,722.0,Medium Performer
302,Pharma,17,92.39,1.82,11.59,344,362,7.05,92.39,81.8,42.05,92.76,29.5,69.65050000000001,362.0,Medium Performer
303,Electronics,20,89.77,2.1,-4.42,4334,1090,2.56,89.77,79.0,77.9,78.2,74.4,81.066,41.0,Top Performer
304,Pharma,9,94.06,0.6,11.83,475,49,7.52,94.06,94.0,40.85,99.02,24.80000000000001,72.70750000000001,232.0,Medium Performer
305,Food,22,73.16,0.61,9.74,968,1919,5.55,73.16,93.9,51.3,61.62,44.5,68.18,424.0,Medium Performer
306,Furniture,18,71.07,6.72,8.7,3303,1369,7.12,71.07,32.8,56.5,72.62,28.799999999999997,51.017999999999994,974.0,Low Performer
307,Electronics,24,85.26,5.99,4.03,548,649,2.83,85.26,40.099999999999994,79.85,87.02,71.7,70.62249999999999,312.0,Medium Performer
308,Furniture,6,81.63,3.16,-3.84,2859,182,7.71,81.63,68.4,80.8,96.36,22.900000000000006,67.925,444.0,Medium Performer
309,Pharma,23,83.86,5.74,0.59,875,1580,9.96,83.86,42.599999999999994,97.05,68.4,0.3999999999999915,57.28549999999999,857.0,Low Performer
310,Pharma,17,99.75,3.46,9.84,3829,268,6.99,99.75,65.4,50.8,94.64,30.099999999999994,69.37899999999999,376.0,Medium Performer
311,Electronics,7,99.12,7.65,-9.21,1908,1921,5.44,99.12,23.5,53.949999999999996,61.58,45.599999999999994,58.981500000000004,804.0,Low Performer
312,Food,9,98.27,7.75,9.55,2168,526,9.31,98.27,22.5,52.25,89.48,6.8999999999999915,53.27149999999999,939.0,Low Performer
313,Apparel,19,93.52,3.45,-4.0,195,739,1.14,93.52,65.5,80.0,85.22,88.6,82.673,26.0,Top Performer
314,Electronics,13,80.65,6.91,-6.39,4615,532,7.57,80.65,30.900000000000006,68.05,89.36,24.299999999999997,55.9235,885.0,Low Performer
315,Apparel,16,82.36,6.3,-7.11,3627,1927,9.0,82.36,37.0,64.44999999999999,61.46,10.0,51.771499999999996,960.0,Low Performer
316,Apparel,10,86.49,2.82,-9.32,242,848,1.56,86.49,71.8,53.4,83.03999999999999,84.4,77.09100000000001,112.0,Medium Performer
317,Food,14,94.92,2.24,3.09,3938,126,5.05,94.92,77.6,84.55,97.48,49.5,80.2065,57.0,Top Performer
318,Apparel,16,72.06,3.94,-4.54,101,193,2.84,72.06,60.6,77.3,96.14,71.6,72.297,253.0,Medium Performer
319,Apparel,11,82.73,6.36,14.74,2460,1939,6.1,82.73,36.4,26.299999999999997,61.22,39.0,51.786,959.0,Low Performer
320,Food,17,72.48,7.7,4.36,1870,1907,6.85,72.48,23.0,78.2,61.86,31.5,51.71000000000001,961.0,Low Performer
321,Apparel,8,85.44,6.23,-6.55,3014,1149,3.72,85.44,37.699999999999996,67.25,77.02,62.8,65.4065,567.0,Medium Performer
322,Apparel,18,96.97,6.91,7.22,2571,171,5.14,96.97,30.900000000000006,63.9,96.58,48.6,65.77900000000001,549.0,Medium Performer
323,Apparel,24,93.47,5.02,12.44,1919,1612,3.51,93.47,49.800000000000004,37.800000000000004,67.75999999999999,64.9,65.917,543.0,Medium Performer
324,Electronics,22,76.84,6.77,8.63,2618,1745,4.32,76.84,32.30000000000001,56.849999999999994,65.1,56.8,57.524499999999996,846.0,Low Performer
325,Electronics,23,99.28,6.38,-8.09,1917,552,2.44,99.28,36.2,59.55,88.96000000000001,75.6,71.7825,275.0,Medium Performer
326,Electronics,8,90.02,3.33,12.4,2788,1620,8.97,90.02,66.7,38.0,67.6,10.299999999999997,58.201,829.0,Low Performer
327,Food,15,70.31,4.64,9.85,3319,1270,1.09,70.31,53.6,50.75,74.6,89.1,67.38550000000001,473.0,Medium Performer
328,Pharma,16,77.66,6.54,-6.04,3249,848,8.94,77.66,34.599999999999994,69.8,83.03999999999999,10.600000000000009,52.842,945.0,Low Performer
329,Apparel,22,77.82,0.85,-8.71,2629,1099,6.15,77.82,91.5,56.449999999999996,78.02,38.5,70.1905,332.0,Medium Performer
330,Apparel,8,72.08,6.56,3.93,4055,1103,3.98,72.08,34.400000000000006,80.35,77.94,60.2,62.110499999999995,709.5,Medium Performer
331,Food,10,98.79,1.83,-6.1,4985,1842,7.51,98.79,81.7,69.5,63.16,24.900000000000006,71.783,274.0,Medium Performer
332,Apparel,20,84.35,4.36,10.86,290,456,5.57,84.35,56.4,45.7,90.88,44.3,64.208,614.0,Medium Performer
333,Electronics,17,96.87,6.56,-1.04,3490,425,5.49,96.87,34.400000000000006,94.8,91.5,45.099999999999994,70.051,342.0,Medium Performer
334,Pharma,9,79.67,2.4,12.82,4681,541,1.99,79.67,76.0,35.900000000000006,89.18,80.1,73.22399999999999,216.0,Medium Performer
335,Furniture,19,73.76,2.34,4.14,1457,450,4.51,73.76,76.6,79.3,91.0,54.900000000000006,73.253,215.0,Medium Performer
336,Apparel,24,84.23,3.52,-5.43,3552,747,3.17,84.23,64.8,72.85,85.06,68.3,74.5625,178.0,Medium Performer
337,Electronics,19,73.42,7.21,-6.51,4088,1979,1.14,73.42,27.900000000000006,67.45,60.42,88.6,62.8805,684.0,Medium Performer
338,Furniture,21,84.58,0.5,4.41,132,473,4.24,84.58,95.0,77.95,90.53999999999999,57.599999999999994,81.39049999999999,39.0,Top Performer
339,Pharma,8,97.61,7.26,9.05,3818,1954,1.81,97.61,27.400000000000006,54.75,60.92,81.9,66.8175,502.0,Medium Performer
340,Furniture,4,85.62,1.65,9.54,1000,405,3.31,85.62,83.5,52.300000000000004,91.9,66.9,76.976,116.0,Medium Performer
341,Electronics,19,88.49,7.93,-3.11,660,720,1.83,88.49,20.700000000000003,84.45,85.6,81.7,69.2895,379.0,Medium Performer
342,Furniture,11,74.7,7.66,-4.89,4719,1584,1.91,74.7,23.400000000000006,75.55,68.32,80.9,62.6045,692.0,Medium Performer
343,Food,8,71.31,4.21,-9.58,3655,1690,2.79,71.31,57.9,52.1,66.2,72.1,64.723,595.0,Medium Performer
344,Furniture,18,73.32,4.35,6.98,4604,1590,10.0,73.32,56.5,65.1,68.2,0.0,52.705999999999996,947.0,Low Performer
345,Apparel,15,87.96,4.11,-8.09,3333,404,1.02,87.96,58.9,59.55,91.92,89.8,77.19749999999999,110.0,Medium Performer
346,Apparel,4,72.85,5.27,0.52,2223,335,6.75,72.85,47.300000000000004,97.4,93.3,32.5,64.12,619.0,Medium Performer
347,Food,13,81.28,1.18,5.04,3534,1926,2.27,81.28,88.2,74.8,61.48,77.3,79.262,68.0,Medium Performer
348,Electronics,14,86.5,0.74,13.43,1572,1952,9.29,86.5,92.6,32.849999999999994,60.96,7.1000000000000085,61.543499999999995,730.0,Medium Performer
349,Apparel,3,81.66,0.93,-2.2,2651,1124,1.84,81.66,90.7,89.0,77.52,81.6,84.595,13.0,Top Performer
350,Pharma,4,74.91,3.83,-3.76,2707,759,9.6,74.91,61.7,81.2,84.82,4.0,59.35999999999999,786.0,Low Performer
351,Apparel,6,78.21,2.57,6.35,2209,1103,6.5,78.21,74.3,68.25,77.94,35.0,67.06949999999999,484.0,Medium Performer
352,Apparel,12,97.85,5.17,5.48,2499,1199,1.01,97.85,48.3,72.6,76.02,89.9,77.902,95.0,Medium Performer
353,Electronics,9,90.28,7.94,-1.7,3880,651,9.05,90.28,20.599999999999994,91.5,86.98,9.5,56.556999999999995,870.0,Low Performer
354,Furniture,24,84.88,3.4,13.2,171,223,5.7,84.88,66.0,34.0,95.54,43.0,65.218,576.0,Medium Performer
355,Apparel,24,70.38,4.8,11.12,4418,1885,3.36,70.38,52.0,44.400000000000006,62.3,66.4,60.284000000000006,763.0,Medium Performer
356,Food,13,99.77,3.62,-4.4,1367,1634,7.91,99.77,63.8,78.0,67.32,20.900000000000006,68.49300000000001,410.0,Medium Performer
357,Furniture,8,90.14,6.85,-4.02,4543,1368,9.34,90.14,31.5,79.9,72.64,6.599999999999994,55.486000000000004,896.0,Low Performer
358,Pharma,16,79.51,7.27,2.81,2568,1797,5.35,79.51,27.30000000000001,85.95,64.06,46.5,59.2765,790.0,Low Performer
359,Electronics,18,96.38,7.08,9.34,1280,378,3.84,96.38,29.200000000000003,53.3,92.44,61.6,65.773,550.0,Medium Performer
360,Pharma,5,77.75,7.81,-8.9,1183,1894,8.1,77.75,21.900000000000006,55.5,62.12,19.0,47.137,990.0,Low Performer
361,Furniture,23,86.32,0.71,7.33,1351,1617,7.14,86.32,92.9,63.35,67.66,28.60000000000001,71.1095,297.0,Medium Performer
362,Furniture,14,89.08,6.8,6.21,4084,1710,9.0,89.08,32.0,68.95,65.8,10.0,53.6465,933.0,Low Performer
363,Furniture,19,76.63,6.14,-4.21,1960,58,7.23,76.63,38.6,78.95,98.84,27.69999999999999,59.905499999999996,776.0,Low Performer
364,Pharma,2,99.35,2.22,7.03,1555,1085,3.19,99.35,77.8,64.85,78.3,68.1,80.4325,52.0,Top Performer
365,Furniture,17,92.45,7.67,13.5,3235,1322,9.38,92.45,23.299999999999997,32.5,73.56,6.199999999999989,47.031,992.0,Low Performer
366,Pharma,14,86.73,1.61,-8.83,1966,1823,1.94,86.73,83.9,55.85,63.54,80.6,77.8455,96.0,Medium Performer
367,Furniture,11,75.42,5.6,-2.01,4965,1659,3.41,75.42,44.0,89.95,66.82,65.9,66.9805,491.0,Medium Performer
368,Food,13,71.62,2.19,0.95,3598,1272,5.68,71.62,78.1,95.25,74.56,43.2,71.3945,289.0,Medium Performer
369,Furniture,3,79.6,3.74,12.48,2807,142,6.09,79.6,62.599999999999994,37.599999999999994,97.16,39.1,62.706,688.0,Medium Performer
370,Pharma,24,92.6,5.89,14.06,2006,1008,1.14,92.6,41.1,29.700000000000003,79.84,88.6,68.214,421.0,Medium Performer
371,Apparel,4,78.08,4.72,1.1,228,795,8.03,78.08,52.800000000000004,94.5,84.1,19.700000000000003,63.149,674.0,Medium Performer
372,Furniture,11,86.19,3.71,8.75,946,1199,4.25,86.19,62.9,56.25,76.02,57.5,69.1215,384.0,Medium Performer
373,Apparel,3,91.84,2.95,3.29,1601,1407,4.66,91.84,70.5,83.55,71.86,53.4,75.5755,150.0,Medium Performer
374,Food,24,73.24,6.8,3.44,541,382,8.28,73.24,32.0,82.8,92.36,17.200000000000003,55.068,908.0,Low Performer
375,Electronics,14,90.56,1.58,-3.05,110,1838,4.41,90.56,84.2,84.75,63.24,55.9,78.43450000000001,83.0,Medium Performer
376,Food,14,72.76,3.73,-4.58,1127,1511,1.43,72.76,62.7,77.1,69.78,85.7,73.186,220.0,Medium Performer
377,Furniture,19,98.95,7.28,-2.8,2945,1788,2.59,98.95,27.200000000000003,86.0,64.24000000000001,74.1,70.62899999999999,311.0,Medium Performer
378,Apparel,4,84.65,6.84,3.91,4210,488,9.6,84.65,31.599999999999994,80.45,90.24,4.0,55.1865,905.0,Low Performer
379,Apparel,8,74.52,3.51,-9.27,3733,841,1.63,74.52,64.9,53.650000000000006,83.18,83.7,71.6865,279.0,Medium Performer
380,Pharma,15,80.27,6.22,12.68,635,659,4.19,80.27,37.800000000000004,36.6,86.82,58.099999999999994,59.323,787.0,Low Performer
381,Apparel,21,82.4,6.67,-6.09,4010,1624,5.53,82.4,33.3,69.55,67.52000000000001,44.699999999999996,59.1695,796.0,Low Performer
382,Pharma,18,92.75,7.17,-4.5,3820,691,5.44,92.75,28.299999999999997,77.5,86.18,45.599999999999994,64.263,612.0,Medium Performer
383,Electronics,22,92.3,4.58,2.96,584,1668,1.04,92.3,54.2,85.2,66.64,89.6,78.604,82.0,Medium Performer
384,Furniture,13,88.36,2.03,7.75,3512,697,5.51,88.36,79.7,61.25,86.06,44.900000000000006,73.2065,218.0,Medium Performer
385,Pharma,17,73.18,2.41,-7.61,4061,1333,4.45,73.18,75.9,61.949999999999996,73.34,55.5,68.6555,404.0,Medium Performer
386,Electronics,13,74.55,2.72,-2.06,3448,91,9.75,74.55,72.8,89.7,98.18,2.5,64.338,608.0,Medium Performer
387,Apparel,16,72.81,4.95,14.22,2205,96,2.43,72.81,50.5,28.89999999999999,98.08,75.7,63.751000000000005,641.0,Medium Performer
388,Apparel,11,87.32,0.75,-3.44,1054,234,4.19,87.32,92.5,82.8,95.32,58.099999999999994,82.893,23.0,Top Performer
389,Electronics,8,96.31,5.27,-2.17,2549,25,4.78,96.31,47.300000000000004,89.15,99.5,52.199999999999996,74.4805,181.0,Medium Performer
390,Apparel,21,83.01,3.23,10.91,376,831,4.52,83.01,67.7,45.45,83.38,54.800000000000004,67.9435,441.0,Medium Performer
391,Electronics,6,74.83,2.71,-8.74,4753,1391,6.99,74.83,72.9,56.3,72.18,30.099999999999994,62.357,699.0,Medium Performer
392,Pharma,2,86.74,7.1,1.62,2756,172,2.94,86.74,29.0,91.9,96.56,70.6,70.833,306.0,Medium Performer
393,Pharma,18,94.35,3.95,-0.51,51,1643,2.99,94.35,60.5,97.45,67.14,70.1,78.7815,78.0,Medium Performer
394,Electronics,4,92.25,1.21,-2.09,1083,1701,7.56,92.25,87.9,89.55,65.97999999999999,24.400000000000006,74.56049999999999,179.0,Medium Performer
395,Pharma,14,96.44,6.7,-2.86,2531,523,5.5,96.44,33.0,85.7,89.53999999999999,45.0,67.99100000000001,437.0,Medium Performer
396,Pharma,15,78.34,0.86,-7.72,174,359,4.74,78.34,91.4,61.4,92.82,52.599999999999994,75.364,153.0,Medium Performer
397,Pharma,19,75.82,5.95,-2.13,1154,1942,2.52,75.82,40.5,89.35,61.16,74.8,67.34949999999999,474.0,Medium Performer
398,Food,5,96.39,6.3,-8.92,2749,690,2.69,96.39,37.0,55.4,86.2,73.1,69.71700000000001,356.0,Medium Performer
399,Furniture,19,89.73,3.14,9.52,1911,1497,1.09,89.73,68.6,52.400000000000006,70.06,89.1,76.755,126.0,Medium Performer
400,Apparel,6,79.33,6.69,-0.04,2970,1860,1.82,79.33,33.099999999999994,99.8,62.8,81.8,69.684,360.0,Medium Performer
401,Food,17,92.27,4.37,1.1,178,1870,6.01,92.27,56.3,94.5,62.6,39.900000000000006,70.17099999999999,334.0,Medium Performer
402,Pharma,2,94.45,3.97,12.34,487,1408,9.03,94.45,60.3,38.3,71.84,9.700000000000003,58.278999999999996,826.0,Low Performer
403,Electronics,22,88.45,0.84,6.45,4896,1125,3.58,88.45,91.6,67.75,77.5,64.2,80.1875,58.0,Top Performer
404,Pharma,15,90.64,2.68,-9.8,2598,190,3.95,90.64,73.2,51.0,96.2,60.5,74.862,166.0,Medium Performer
405,Furniture,16,81.26,7.48,13.58,3179,752,2.04,81.26,25.19999999999999,32.099999999999994,84.96000000000001,79.6,59.909,775.0,Low Performer
406,Pharma,10,86.16,3.44,-4.07,1271,1334,4.5,86.16,65.6,79.65,73.32,55.0,72.5275,243.0,Medium Performer
407,Electronics,16,85.72,4.6,-7.31,951,669,1.33,85.72,54.0,63.45,86.62,86.7,74.73549999999999,169.0,Medium Performer
408,Furniture,18,95.44,4.49,9.2,3218,1825,9.26,95.44,55.099999999999994,54.0,63.5,7.400000000000006,58.337,825.0,Low Performer
409,Pharma,5,95.2,4.93,2.51,4536,1222,7.06,95.2,50.7,87.45,75.56,29.400000000000006,67.7885,452.5,Medium Performer
410,Furniture,13,94.98,0.96,0.84,3968,1892,9.92,94.98,90.4,95.8,62.16,0.7999999999999972,71.83999999999999,270.0,Medium Performer
411,Apparel,6,70.33,3.22,-3.76,1117,1895,8.95,70.33,67.8,81.2,62.1,10.5,58.539,814.0,Low Performer
412,Apparel,6,92.49,5.92,3.69,76,1347,5.26,92.49,40.8,81.55,73.06,47.400000000000006,66.9655,493.0,Medium Performer
413,Pharma,12,92.76,2.0,-3.14,597,502,5.68,92.76,80.0,84.3,89.96000000000001,43.2,78.109,94.0,Medium Performer
414,Furniture,7,90.35,2.03,12.54,2718,932,2.72,90.35,79.7,37.300000000000004,81.36,72.8,75.321,155.0,Medium Performer
415,Electronics,8,92.69,0.58,-4.62,616,1955,5.16,92.69,94.2,76.9,60.9,48.4,78.662,80.0,Medium Performer
416,Pharma,15,95.26,3.78,12.11,753,137,9.13,95.26,62.2,39.45,97.26,8.699999999999989,61.5115,733.0,Medium Performer
417,Apparel,12,84.11,7.12,3.99,4330,1552,1.46,84.11,28.799999999999997,80.05,68.96000000000001,85.4,68.4165,414.0,Medium Performer
418,Apparel,14,85.06,0.89,10.71,3190,1459,8.77,85.06,91.1,46.449999999999996,70.82,12.300000000000011,64.80250000000001,591.0,Medium Performer
419,Pharma,3,73.74,1.93,7.82,1640,1592,4.07,73.74,80.7,60.9,68.16,59.3,70.108,338.0,Medium Performer
420,Furniture,8,81.56,2.83,7.42,4993,574,9.1,81.56,71.7,62.9,88.52,9.0,62.480000000000004,696.0,Medium Performer
421,Apparel,21,89.3,5.99,-1.89,4744,1220,9.47,89.3,40.099999999999994,90.55,75.6,5.299999999999997,59.0175,803.0,Low Performer
422,Furniture,5,93.41,5.3,-4.15,855,559,7.04,93.41,47.0,79.25,88.82,29.599999999999994,66.46249999999999,520.0,Medium Performer
423,Apparel,9,76.52,3.62,-4.73,3841,462,6.98,76.52,63.8,76.35,90.76,30.19999999999999,65.47449999999999,565.0,Medium Performer
424,Apparel,21,74.13,6.19,11.43,1407,480,5.07,74.13,38.099999999999994,42.85,90.4,49.3,57.091499999999996,863.0,Low Performer
425,Food,23,89.89,5.07,10.51,3275,997,8.52,89.89,49.3,47.45,80.06,14.800000000000011,57.3755,853.0,Low Performer
426,Apparel,22,70.06,7.22,1.01,3668,747,9.65,70.06,27.799999999999997,94.95,85.06,3.5,51.4165,964.0,Low Performer
427,Electronics,20,75.35,6.64,-6.69,2176,1598,7.98,75.35,33.60000000000001,66.55,68.03999999999999,20.19999999999999,51.8315,958.0,Low Performer
428,Pharma,14,70.87,2.4,-0.44,2510,1944,6.6,70.87,76.0,97.8,61.12,34.0,67.843,448.0,Medium Performer
429,Pharma,15,75.01,2.54,5.48,595,233,6.46,75.01,74.6,72.6,95.34,35.400000000000006,68.657,403.0,Medium Performer
430,Furniture,11,75.44,1.44,1.36,2778,163,8.65,75.44,85.6,93.2,96.74,13.5,70.38600000000001,322.0,Medium Performer
431,Apparel,12,81.63,3.03,9.5,3784,569,5.87,81.63,69.7,52.5,88.62,41.3,66.911,497.0,Medium Performer
432,Electronics,3,82.07,8.0,14.94,2612,360,8.23,82.07,20.0,25.299999999999997,92.8,17.69999999999999,46.236,995.0,Low Performer
433,Furniture,10,96.23,3.54,-5.22,2129,1180,5.58,96.23,64.6,73.9,76.4,44.2,72.584,239.0,Medium Performer
434,Food,18,85.3,2.15,1.49,2691,1938,1.56,85.3,78.5,92.55,61.24,84.4,82.10150000000002,29.0,Top Performer
435,Furniture,4,91.7,6.22,0.77,3164,1609,4.46,91.7,37.800000000000004,96.15,67.82,55.4,69.2445,381.0,Medium Performer
436,Furniture,7,73.12,4.57,-2.39,1976,358,5.0,73.12,54.3,88.05,92.84,50.0,68.0025,436.0,Medium Performer
437,Apparel,6,76.76,1.62,-5.05,666,191,2.27,76.76,83.8,74.75,96.18,77.3,80.26850000000002,55.0,Top Performer
438,Food,6,91.09,3.36,-8.36,3694,646,1.92,91.09,66.4,58.2,87.08,80.8,77.525,103.0,Medium Performer
439,Furniture,23,71.58,3.61,12.18,1253,1027,5.82,71.58,63.9,39.1,79.46000000000001,41.8,59.620000000000005,782.0,Low Performer
440,Electronics,16,84.6,6.15,0.5,1809,188,1.77,84.6,38.5,97.5,96.24,82.3,75.714,149.0,Medium Performer
441,Electronics,24,87.98,0.66,2.42,2615,1072,3.73,87.98,93.4,87.9,78.56,62.7,83.325,20.0,Top Performer
442,Pharma,18,88.06,2.52,12.92,3224,781,7.7,88.06,74.8,35.400000000000006,84.38,23.0,63.466,657.0,Medium Performer
443,Food,10,70.69,4.38,9.41,3131,903,9.68,70.69,56.2,52.95,81.94,3.200000000000003,52.033500000000004,955.0,Low Performer
444,Food,4,79.66,2.52,-6.74,2680,1036,7.46,79.66,74.8,66.3,79.28,25.400000000000006,65.551,562.0,Medium Performer
445,Pharma,21,89.09,5.21,4.14,3211,1025,9.93,89.09,47.9,79.3,79.5,0.7000000000000028,58.687,811.0,Low Performer
446,Furniture,18,74.47,4.11,1.06,4371,73,7.29,74.47,58.9,94.7,98.54,27.099999999999994,66.54499999999999,513.0,Medium Performer
447,Food,11,90.86,3.21,9.93,719,38,3.64,90.86,67.9,50.35,99.24,63.6,74.4295,185.0,Medium Performer
448,Electronics,4,92.38,7.62,8.11,3218,381,7.05,92.38,23.799999999999997,59.45,92.38,29.5,57.719500000000004,840.0,Low Performer
449,Electronics,19,99.46,5.24,7.26,2171,1556,7.32,99.46,47.599999999999994,63.7,68.88,26.799999999999997,63.541,655.0,Medium Performer
450,Apparel,19,76.3,1.47,-1.49,4128,106,4.35,76.3,85.3,92.55,97.88,56.5,79.18549999999999,71.0,Medium Performer
451,Food,18,94.75,4.7,10.12,4201,1903,1.16,94.75,53.0,49.400000000000006,61.94,88.4,72.959,227.0,Medium Performer
452,Furniture,4,85.61,6.36,-8.69,769,1475,7.33,85.61,36.4,56.550000000000004,70.5,26.700000000000003,55.6555,891.0,Low Performer
453,Pharma,4,81.2,5.81,-6.01,2650,1236,1.2,81.2,41.900000000000006,69.95,75.28,88.0,70.4555,319.0,Medium Performer
454,Pharma,7,73.67,1.79,-1.61,3648,1444,6.68,73.67,82.1,91.95,71.12,33.2,70.1705,335.0,Medium Performer
455,Furniture,14,92.07,7.79,-8.08,4719,1002,2.47,92.07,22.099999999999994,59.6,79.96000000000001,75.3,65.142,579.0,Medium Performer
456,Apparel,16,77.08,3.87,-4.13,716,30,6.09,77.08,61.3,79.35,99.4,39.1,68.1115,429.0,Medium Performer
457,Pharma,10,81.14,1.69,10.75,333,1584,5.54,81.14,83.1,46.25,68.32,44.6,67.8065,450.0,Medium Performer
458,Food,5,71.88,1.85,13.71,3953,744,1.12,71.88,81.5,31.44999999999999,85.12,88.8,72.9285,228.0,Medium Performer
459,Apparel,15,94.04,1.24,-2.38,3615,1135,4.27,94.04,87.6,88.1,77.3,57.300000000000004,82.517,28.0,Top Performer
460,Food,6,93.0,6.53,-3.39,2284,1079,6.41,93.0,34.7,83.05,78.42,35.900000000000006,64.0545,622.0,Medium Performer
461,Electronics,3,92.01,1.42,-3.0,4643,75,8.64,92.01,85.8,85.0,98.5,13.599999999999994,74.37299999999999,188.0,Medium Performer
462,Apparel,12,78.98,1.44,-3.06,1515,612,9.0,78.98,85.6,84.7,87.76,10.0,68.57499999999999,407.0,Medium Performer
463,Pharma,10,75.2,6.88,-9.1,179,1197,5.35,75.2,31.200000000000003,54.5,76.06,46.5,55.441,898.0,Low Performer
464,Apparel,4,89.13,3.08,13.17,4784,1144,7.56,89.13,69.2,34.150000000000006,77.12,24.400000000000006,61.75350000000001,720.0,Medium Performer
465,Apparel,10,84.88,0.73,-4.66,2110,347,3.85,84.88,92.7,76.7,93.06,61.5,81.75,32.0,Top Performer
466,Apparel,4,75.35,0.89,0.5,3722,132,4.08,75.35,91.1,97.5,97.36,59.2,81.581,35.0,Top Performer
467,Apparel,3,90.58,1.57,-9.76,2544,1738,2.75,90.58,84.3,51.2,65.24000000000001,72.5,76.953,119.0,Medium Performer
468,Food,13,99.73,2.1,11.45,1042,456,6.06,99.73,79.0,42.75,90.88,39.400000000000006,73.0495,225.0,Medium Performer
469,Electronics,11,92.42,5.49,8.28,2171,620,3.83,92.42,45.099999999999994,58.6,87.6,61.7,68.89099999999999,393.0,Medium Performer
470,Furniture,10,92.2,1.68,13.67,2634,1324,1.76,92.2,83.2,31.650000000000006,73.52,82.4,77.0395,113.0,Medium Performer
471,Apparel,16,98.51,1.39,9.54,4246,680,7.17,98.51,86.1,52.300000000000004,86.4,28.299999999999997,73.223,217.0,Medium Performer
472,Pharma,9,76.09,6.24,-2.16,2273,1445,7.37,76.09,37.599999999999994,89.2,71.1,26.299999999999997,57.977000000000004,836.0,Low Performer
473,Apparel,6,86.97,5.53,-3.8,4572,624,4.24,86.97,44.699999999999996,81.0,87.52,57.599999999999994,69.688,359.0,Medium Performer
474,Pharma,12,99.39,3.76,7.44,3238,906,1.69,99.39,62.400000000000006,62.8,81.88,83.1,79.64500000000001,64.0,Medium Performer
475,Food,3,74.96,4.62,-0.9,3287,290,4.84,74.96,53.8,95.5,94.2,51.6,70.00299999999999,347.0,Medium Performer
476,Pharma,16,91.01,2.84,4.16,4186,1076,4.98,91.01,71.6,79.2,78.48,50.199999999999996,74.971,162.0,Medium Performer
477,Furniture,7,87.57,4.12,-9.84,4574,1519,7.02,87.57,58.8,50.8,69.62,29.80000000000001,61.513,732.0,Medium Performer
478,Electronics,9,87.59,4.3,-8.45,393,605,3.84,87.59,57.0,57.75,87.9,61.6,70.2995,328.0,Medium Performer
479,Pharma,6,90.93,3.4,3.38,4511,1996,7.14,90.93,66.0,83.1,60.08,28.60000000000001,67.972,439.0,Medium Performer
480,Pharma,17,97.89,7.3,4.15,4754,712,8.84,97.89,27.0,79.25,85.76,11.599999999999994,58.900499999999994,808.0,Low Performer
481,Electronics,19,93.48,0.62,8.79,4873,1084,3.14,93.48,93.8,56.050000000000004,78.32,68.6,81.45349999999999,37.0,Top Performer
482,Furniture,7,71.68,6.37,-6.7,2326,1931,9.81,71.68,36.3,66.5,61.38,1.8999999999999915,47.071999999999996,991.0,Low Performer
483,Apparel,6,95.58,1.43,2.83,4970,219,4.48,95.58,85.7,85.85,95.62,55.199999999999996,83.57849999999999,18.0,Top Performer
484,Pharma,17,76.77,6.48,-5.14,3251,135,3.41,76.77,35.19999999999999,74.3,97.3,65.9,65.88600000000001,545.5,Medium Performer
485,Electronics,14,81.31,5.12,-7.67,938,501,4.79,81.31,48.8,61.65,89.98,52.1,65.25850000000001,572.0,Medium Performer
486,Food,6,83.85,6.82,0.26,2093,1542,1.85,83.85,31.799999999999997,98.7,69.16,81.5,71.12599999999999,296.0,Medium Performer
487,Electronics,14,84.43,1.23,-5.92,1391,969,2.13,84.43,87.7,70.4,80.62,78.7,81.61600000000001,34.0,Top Performer
488,Food,18,83.06,4.69,-4.46,3770,979,4.73,83.06,53.099999999999994,77.7,80.42,52.699999999999996,68.43,413.0,Medium Performer
489,Furniture,19,98.12,4.26,-2.06,2933,590,7.86,98.12,57.400000000000006,89.7,88.2,21.39999999999999,70.34100000000001,325.0,Medium Performer
490,Apparel,9,91.18,5.8,-3.52,4262,786,9.1,91.18,42.0,82.4,84.28,9.0,60.44199999999999,759.0,Medium Performer
491,Electronics,14,88.94,4.51,-7.81,2465,267,6.98,88.94,54.900000000000006,60.95,94.66,30.19999999999999,65.0555,581.0,Medium Performer
492,Pharma,20,71.5,4.56,-7.75,1167,1963,1.95,71.5,54.400000000000006,61.25,60.74,80.5,66.41149999999999,522.0,Medium Performer
493,Furniture,4,97.12,3.72,-5.17,4313,1221,7.05,97.12,62.8,74.15,75.58,29.5,69.4165,372.0,Medium Performer
494,Electronics,9,97.28,2.82,-8.74,3051,239,6.72,97.28,71.8,56.3,95.22,32.8,71.661,280.0,Medium Performer
495,Pharma,3,93.41,4.12,5.66,1788,198,8.25,93.41,58.8,71.7,96.04,17.5,66.582,511.0,Medium Performer
496,Electronics,9,70.21,1.39,-2.82,1414,1448,8.43,70.21,86.1,85.9,71.03999999999999,15.700000000000003,65.71699999999998,553.0,Medium Performer
497,Food,14,71.72,7.71,-3.01,2758,19,8.81,71.72,22.900000000000006,84.95,99.62,11.899999999999991,52.3255,951.0,Low Performer
498,Electronics,14,76.76,5.86,-1.7,4840,1147,4.73,76.76,41.4,91.5,77.06,52.699999999999996,65.349,569.0,Medium Performer
499,Electronics,2,73.94,7.64,6.57,974,1109,7.28,73.94,23.60000000000001,67.15,77.82,27.200000000000003,51.37649999999999,966.0,Low Performer
500,Electronics,7,81.97,2.2,11.77,201,685,3.41,81.97,78.0,41.150000000000006,86.3,65.9,72.0735,257.0,Medium Performer
501,Furniture,20,97.68,7.1,8.98,635,511,9.99,97.68,29.0,55.099999999999994,89.78,0.09999999999999432,53.817,926.0,Low Performer
502,Electronics,17,84.16,6.57,8.19,962,94,2.58,84.16,34.3,59.050000000000004,98.12,74.2,67.3325,475.0,Medium Performer
503,Pharma,9,70.4,5.58,2.11,2371,58,1.09,70.4,44.2,89.45,98.84,89.1,73.29150000000001,212.0,Medium Performer
504,Food,2,78.48,5.19,7.35,545,1528,2.34,78.48,48.099999999999994,63.25,69.44,76.6,67.32050000000001,476.0,Medium Performer
505,Food,17,71.34,2.87,3.82,3845,847,7.98,71.34,71.3,80.9,83.06,20.19999999999999,63.708000000000006,645.0,Medium Performer
506,Electronics,10,71.09,6.62,-4.59,2198,1017,5.02,71.09,33.8,77.05,79.66,49.800000000000004,59.2605,793.0,Low Performer
507,Furniture,14,78.27,4.26,-4.79,606,698,5.03,78.27,57.400000000000006,76.05,86.03999999999999,49.699999999999996,67.7825,454.0,Medium Performer
508,Furniture,12,78.27,1.03,-2.59,1602,396,9.6,78.27,89.7,87.05,92.08,4.0,68.97149999999999,390.0,Medium Performer
509,Pharma,14,93.61,2.85,12.77,2170,979,9.28,93.61,71.5,36.150000000000006,80.42,7.200000000000003,60.8625,751.0,Medium Performer
510,Electronics,22,99.25,7.51,3.69,3135,1422,3.8,99.25,24.900000000000006,81.55,71.56,62.0,67.7885,452.5,Medium Performer
511,Food,11,81.14,6.88,8.35,3554,1015,2.88,81.14,31.200000000000003,58.25,79.7,71.2,63.089499999999994,678.0,Medium Performer
512,Furniture,5,82.87,7.86,-1.34,206,227,8.64,82.87,21.39999999999999,93.3,95.46,13.599999999999994,56.471999999999994,872.0,Low Performer
513,Electronics,7,95.34,5.21,0.19,784,1734,9.15,95.34,47.9,99.05,65.32,8.5,63.6665,649.0,Medium Performer
514,Furniture,8,78.04,2.36,-6.86,4704,1014,5.87,78.04,76.4,65.69999999999999,79.72,41.3,68.599,406.0,Medium Performer
515,Furniture,6,74.69,1.72,-5.72,3326,1379,6.66,74.69,82.8,71.4,72.42,33.400000000000006,67.739,456.0,Medium Performer
516,Food,12,95.59,1.9,10.68,204,1263,3.31,95.59,81.0,46.6,74.74,66.9,76.77100000000002,124.0,Medium Performer
517,Apparel,14,71.4,0.65,4.62,1046,264,8.21,71.4,93.5,76.9,94.72,17.89999999999999,69.38199999999999,375.0,Medium Performer
518,Pharma,20,88.59,3.43,-1.56,2344,245,6.69,88.59,65.69999999999999,92.2,95.1,33.099999999999994,72.962,226.0,Medium Performer
519,Pharma,24,86.86,1.94,10.07,4676,1059,5.53,86.86,80.6,49.65,78.82,44.699999999999996,70.47749999999999,317.0,Medium Performer
520,Food,11,80.38,3.59,-3.84,2955,1617,1.54,80.38,64.1,80.8,67.66,84.6,75.945,142.0,Medium Performer
521,Furniture,11,79.46,7.51,14.4,4874,1294,9.24,79.46,24.900000000000006,28.0,74.12,7.599999999999994,43.19499999999999,1000.0,Low Performer
522,Electronics,12,93.16,3.73,-1.38,1227,1799,6.54,93.16,62.7,93.1,64.02000000000001,34.599999999999994,70.91,301.0,Medium Performer
523,Furniture,22,72.59,7.08,-1.57,203,280,2.73,72.59,29.200000000000003,92.15,94.4,72.7,66.87950000000001,499.0,Medium Performer
524,Food,8,77.1,5.04,-2.2,4237,132,6.46,77.1,49.6,89.0,97.36,35.400000000000006,65.696,556.0,Medium Performer
525,Pharma,19,91.97,2.35,-6.95,1766,665,7.1,91.97,76.5,65.25,86.7,29.0,70.97349999999999,299.0,Medium Performer
526,Furniture,5,86.45,3.17,-7.22,3252,1290,5.73,86.45,68.3,63.9,74.2,42.699999999999996,68.555,408.0,Medium Performer
527,Pharma,3,73.84,1.13,6.2,2907,1689,7.46,73.84,88.7,69.0,66.22,25.400000000000006,66.379,523.0,Medium Performer
528,Electronics,15,96.46,3.0,11.88,836,1454,6.23,96.46,70.0,40.599999999999994,70.92,37.699999999999996,67.16,483.0,Medium Performer
529,Pharma,14,81.8,5.58,9.76,4418,268,9.53,81.8,44.2,51.2,94.64,4.700000000000003,53.674,932.0,Low Performer
530,Pharma,13,94.84,1.04,-6.47,4322,957,1.48,94.84,89.6,67.65,80.86,85.2,86.12550000000002,8.0,Top Performer
531,Apparel,8,93.63,2.04,3.64,3817,56,1.96,93.63,79.6,81.8,98.88,80.4,86.227,7.0,Top Performer
532,Apparel,3,88.73,3.36,-7.36,2928,872,2.56,88.73,66.4,63.199999999999996,82.56,74.4,75.83500000000001,146.0,Medium Performer
533,Apparel,14,84.83,7.87,-8.87,692,534,7.21,84.83,21.299999999999997,55.650000000000006,89.32,27.900000000000006,53.6335,934.0,Low Performer
534,Pharma,15,99.39,6.39,6.41,4712,897,6.81,99.39,36.1,67.95,82.06,31.900000000000006,63.62050000000001,651.0,Medium Performer
535,Food,18,74.35,6.0,3.38,715,217,9.03,74.35,40.0,83.1,95.66,9.700000000000003,56.27599999999999,875.0,Low Performer
536,Pharma,10,91.75,1.37,-7.95,3476,1344,7.6,91.75,86.3,60.25,73.12,24.0,70.2495,329.0,Medium Performer
537,Food,18,75.74,6.36,-9.13,3833,756,5.58,75.74,36.4,54.349999999999994,84.88,44.2,57.302499999999995,856.0,Low Performer
538,Food,9,80.15,6.39,14.74,3751,158,9.93,80.15,36.1,26.299999999999997,96.84,0.7000000000000028,46.839,993.0,Low Performer
539,Apparel,3,79.26,5.01,-9.25,1119,1867,3.39,79.26,49.900000000000006,53.75,62.66,66.1,63.8015,637.0,Medium Performer
540,Furniture,14,98.41,7.93,1.11,2399,447,8.5,98.41,20.700000000000003,94.45,91.06,15.0,60.9715,744.0,Medium Performer
541,Electronics,4,99.02,2.94,2.62,4553,164,4.84,99.02,70.6,86.9,96.72,51.6,80.38299999999998,54.0,Top Performer
542,Apparel,17,75.49,7.56,-7.07,1262,1711,6.84,75.49,24.400000000000006,64.65,65.78,31.599999999999994,51.3425,968.0,Low Performer
543,Apparel,7,70.66,7.36,-5.77,1202,1123,7.55,70.66,26.39999999999999,71.15,77.53999999999999,24.5,51.12449999999999,970.0,Low Performer
544,Furniture,20,91.6,0.59,-1.2,2561,1731,6.7,91.6,94.1,94.0,65.38,33.0,78.24299999999998,89.0,Medium Performer
545,Electronics,8,82.54,3.88,9.04,193,1863,2.26,82.54,61.2,54.800000000000004,62.74,77.4,70.036,343.0,Medium Performer
546,Pharma,11,72.67,7.83,2.68,2539,367,4.99,72.67,21.700000000000003,86.6,92.66,50.099999999999994,59.501999999999995,784.0,Low Performer
547,Pharma,10,90.51,1.27,5.95,3278,1207,6.05,90.51,87.3,70.25,75.86,39.5,75.00150000000001,161.0,Medium Performer
548,Apparel,3,86.35,4.61,14.63,4632,1250,8.64,86.35,53.9,26.849999999999994,75.0,13.599999999999994,53.62749999999999,935.0,Low Performer
549,Electronics,16,99.42,7.84,9.2,3255,1940,4.99,99.42,21.599999999999994,54.0,61.2,50.099999999999994,59.465999999999994,785.0,Low Performer
550,Apparel,6,76.82,4.67,0.86,4293,465,9.27,76.82,53.3,95.7,90.7,7.300000000000011,61.256,737.0,Medium Performer
551,Food,23,82.12,1.92,1.16,3192,785,4.96,82.12,80.8,94.2,84.3,50.4,77.476,105.0,Medium Performer
552,Apparel,5,86.28,4.87,5.47,3354,1642,5.94,86.28,51.3,72.65,67.16,40.599999999999994,64.44250000000001,605.0,Medium Performer
553,Apparel,21,93.75,2.03,6.63,1407,638,8.17,93.75,79.7,66.85,87.24,18.299999999999997,70.46149999999999,318.0,Medium Performer
554,Pharma,5,86.47,4.4,2.52,2763,1232,6.25,86.47,56.0,87.4,75.36,37.5,68.087,432.0,Medium Performer
555,Pharma,19,88.39,1.06,6.12,4235,841,9.64,88.39,89.4,69.4,83.18,3.5999999999999943,68.315,418.0,Medium Performer
556,Pharma,5,76.78,5.04,-9.41,1407,495,6.94,76.78,49.6,52.95,90.1,30.599999999999994,58.506499999999996,816.0,Low Performer
557,Food,18,95.41,4.38,0.74,4344,542,5.7,95.41,56.2,96.3,89.16,43.0,74.634,173.0,Medium Performer
558,Pharma,13,82.86,6.05,-3.03,4683,209,1.21,82.86,39.5,84.85,95.82,87.9,74.6225,175.0,Medium Performer
559,Electronics,23,74.23,5.23,-6.77,3242,380,4.72,74.23,47.699999999999996,66.15,92.4,52.800000000000004,63.916500000000006,627.0,Medium Performer
560,Furniture,18,89.93,4.62,-7.51,350,1023,3.69,89.93,53.8,62.45,79.53999999999999,63.1,70.3705,324.0,Medium Performer
561,Electronics,11,76.48,5.67,5.08,773,1992,7.73,76.48,43.3,74.6,60.16,22.69999999999999,55.51499999999999,895.0,Low Performer
562,Electronics,23,72.93,1.58,3.09,3060,862,2.87,72.93,84.2,84.55,82.76,71.3,78.14750000000001,93.0,Medium Performer
563,Pharma,2,95.86,4.97,-3.66,117,1481,2.85,95.86,50.300000000000004,81.7,70.38,71.5,74.926,164.0,Medium Performer
564,Furniture,23,83.8,1.79,1.77,3886,257,2.71,83.8,82.1,91.15,94.86,72.9,83.4035,19.0,Top Performer
565,Furniture,19,92.48,7.44,2.31,4043,797,2.13,92.48,25.599999999999994,88.45,84.06,78.7,71.5575,283.0,Medium Performer
566,Furniture,19,78.72,1.01,-5.12,2556,273,3.8,78.72,89.9,74.4,94.54,62.0,79.10500000000002,72.0,Medium Performer
567,Food,15,93.61,3.73,6.3,1587,1091,8.97,93.61,62.7,68.5,78.18,10.299999999999997,63.911,629.0,Medium Performer
568,Pharma,16,73.36,5.72,9.52,447,1335,7.97,73.36,42.800000000000004,52.400000000000006,73.3,20.299999999999997,51.958,957.0,Low Performer
569,Furniture,13,80.68,3.94,9.79,4765,40,7.62,80.68,60.6,51.050000000000004,99.2,23.799999999999997,61.6915,721.0,Medium Performer
570,Food,5,99.34,1.19,5.06,3407,1531,8.18,99.34,88.1,74.7,69.38,18.200000000000003,73.61,205.0,Medium Performer
571,Apparel,4,93.82,4.65,2.79,1213,1282,3.42,93.82,53.5,86.05,74.36,65.8,75.0245,159.0,Medium Performer
572,Apparel,21,84.92,5.31,-8.47,4875,614,8.99,84.92,46.900000000000006,57.65,87.72,10.099999999999994,56.640499999999996,869.0,Low Performer
573,Food,13,80.19,5.78,-2.8,605,1810,2.24,80.19,42.199999999999996,86.0,63.8,77.6,69.407,374.0,Medium Performer
574,Food,8,96.16,3.3,-7.67,3711,1304,4.03,96.16,67.0,61.65,73.92,59.699999999999996,74.17750000000001,191.5,Medium Performer
575,Pharma,12,86.35,4.73,14.1,1801,1639,6.28,86.35,52.699999999999996,29.5,67.22,37.199999999999996,57.666999999999994,842.0,Low Performer
576,Pharma,2,92.75,3.88,-6.62,2991,1699,1.93,92.75,61.2,66.9,66.02000000000001,80.7,75.902,144.0,Medium Performer
577,Apparel,7,92.62,5.54,-6.21,2707,1427,7.57,92.62,44.6,68.95,71.46000000000001,24.299999999999997,61.2845,736.0,Medium Performer
578,Furniture,16,70.54,4.88,12.24,2845,1830,4.49,70.54,51.2,38.8,63.4,55.099999999999994,57.141999999999996,862.0,Low Performer
579,Apparel,16,73.79,4.44,13.6,2379,511,8.06,73.79,55.599999999999994,32.0,89.78,19.39999999999999,53.69499999999999,931.0,Low Performer
580,Furniture,20,89.79,2.37,9.15,2009,1625,5.44,89.79,76.3,54.25,67.5,45.599999999999994,70.01950000000001,344.0,Medium Performer
581,Furniture,12,74.85,0.52,-9.86,1651,1837,2.63,74.85,94.8,50.7,63.26,73.7,74.82600000000001,167.0,Medium Performer
582,Pharma,24,77.66,1.81,-9.97,2843,1117,7.61,77.66,81.9,50.15,77.66,23.89999999999999,63.841499999999996,634.0,Medium Performer
583,Electronics,3,98.4,1.38,-0.55,1530,1398,3.27,98.4,86.2,97.25,72.03999999999999,67.3,86.32149999999999,6.0,Top Performer
584,Electronics,15,86.81,3.87,-6.42,1152,895,5.42,86.81,61.3,67.9,82.1,45.8,68.923,391.0,Medium Performer
585,Food,3,92.52,5.09,-9.54,3326,558,1.68,92.52,49.1,52.300000000000004,88.84,83.2,73.4,207.0,Medium Performer
586,Pharma,5,86.74,2.1,1.6,1349,1375,6.56,86.74,79.0,92.0,72.5,34.400000000000006,73.702,202.0,Medium Performer
587,Furniture,18,86.58,7.54,13.58,3929,848,6.99,86.58,24.599999999999994,32.099999999999994,83.03999999999999,30.099999999999994,51.26299999999999,969.0,Low Performer
588,Electronics,4,72.82,0.55,-1.9,1585,1440,4.41,72.82,94.5,90.5,71.2,55.9,77.346,107.0,Medium Performer
589,Furniture,14,80.31,6.29,6.53,127,1458,9.59,80.31,37.1,67.35,70.84,4.099999999999994,51.374500000000005,967.0,Low Performer
590,Electronics,10,78.47,5.19,6.31,2881,1777,8.87,78.47,48.099999999999994,68.45,64.46000000000001,11.300000000000011,54.539500000000004,917.0,Low Performer
591,Electronics,8,81.72,3.3,-3.72,3460,1126,7.37,81.72,67.0,81.4,77.48,26.299999999999997,66.48400000000001,519.0,Medium Performer
592,Electronics,16,93.95,0.88,6.26,2771,857,7.42,93.95,91.2,68.7,82.86,25.799999999999997,74.73599999999999,168.0,Medium Performer
593,Pharma,24,81.16,5.21,-4.69,3677,623,3.27,81.16,47.9,76.55,87.53999999999999,67.3,70.0195,345.0,Medium Performer
594,Apparel,12,83.55,3.39,-6.95,1582,421,6.91,83.55,66.1,65.25,91.58,30.900000000000006,66.7155,504.0,Medium Performer
595,Furniture,21,81.92,7.52,7.53,287,441,2.78,81.92,24.80000000000001,62.35,91.18,72.2,63.68650000000001,646.0,Medium Performer
596,Pharma,3,72.8,4.56,-7.16,2046,687,2.3,72.8,54.400000000000006,64.2,86.26,77.0,69.096,385.0,Medium Performer
597,Pharma,16,83.23,7.55,14.92,3477,168,10.0,83.23,24.5,25.400000000000006,96.64,0.0,44.568000000000005,999.0,Low Performer
598,Pharma,15,75.87,2.15,-5.41,327,23,6.6,75.87,78.5,72.95,99.54,34.0,70.0825,339.0,Medium Performer
599,Pharma,21,75.6,5.94,4.85,3139,382,4.88,75.6,40.599999999999994,75.75,92.36,51.2,63.6685,648.0,Medium Performer
600,Pharma,23,72.82,5.13,0.28,573,234,3.59,72.82,48.7,98.6,95.32,64.1,71.16300000000001,293.0,Medium Performer
601,Food,12,80.7,6.05,-6.84,4325,1538,6.44,80.7,39.5,65.8,69.24,35.599999999999994,57.998999999999995,835.0,Low Performer
602,Furniture,4,92.72,2.11,-9.3,4268,1106,1.45,92.72,78.9,53.5,77.88,85.5,80.45400000000001,50.0,Top Performer
603,Pharma,18,78.29,5.49,5.57,3172,1282,1.85,78.29,45.099999999999994,72.15,74.36,81.5,69.3205,377.0,Medium Performer
604,Furniture,13,79.37,4.24,10.17,4625,520,1.3,79.37,57.599999999999994,49.15,89.6,87.0,71.9435,264.0,Medium Performer
605,Food,22,89.28,6.07,11.05,1847,612,5.49,89.28,39.3,44.75,87.76,45.099999999999994,61.11749999999999,742.0,Medium Performer
606,Food,16,75.88,2.95,2.07,2181,225,6.41,75.88,70.5,89.65,95.5,35.900000000000006,70.5665,314.0,Medium Performer
607,Furniture,17,96.91,7.18,9.44,865,1635,1.56,96.91,28.200000000000003,52.800000000000004,67.3,84.4,67.65299999999999,460.0,Medium Performer
608,Electronics,6,85.61,1.13,6.82,2744,1574,7.49,85.61,88.7,65.9,68.52,25.099999999999994,69.615,365.0,Medium Performer
609,Apparel,21,83.43,6.55,8.11,492,1980,3.07,83.43,34.5,59.45,60.4,69.3,62.4715,697.0,Medium Performer
610,Electronics,7,86.73,6.96,2.31,3190,1850,7.17,86.73,30.400000000000006,88.45,63.0,28.299999999999997,58.84649999999999,809.0,Low Performer
611,Electronics,20,74.98,6.63,5.84,192,1972,9.84,74.98,33.7,70.8,60.56,1.5999999999999943,47.915,989.0,Low Performer
612,Electronics,6,88.4,4.35,10.14,4337,997,7.22,88.4,56.5,49.3,80.06,27.799999999999997,61.605999999999995,726.0,Medium Performer
613,Pharma,4,80.89,3.79,-0.05,1460,1253,8.95,80.89,62.1,99.75,74.94,10.5,64.3485,606.0,Medium Performer
614,Food,2,96.92,7.97,10.15,4523,849,9.53,96.92,20.299999999999997,49.25,83.02,4.700000000000003,50.780499999999996,977.0,Low Performer
615,Electronics,7,75.07,2.22,4.8,584,736,5.38,75.07,77.8,76.0,85.28,46.2,71.139,295.0,Medium Performer
616,Food,16,85.21,4.6,-5.85,1766,1254,7.32,85.21,54.0,70.75,74.92,26.799999999999997,62.5275,694.0,Medium Performer
617,Furniture,3,87.94,5.53,-9.38,3414,1422,8.67,87.94,44.699999999999996,53.099999999999994,71.56,13.299999999999997,55.33799999999999,901.0,Low Performer
618,Apparel,4,71.0,5.76,-0.93,1082,563,4.21,71.0,42.400000000000006,95.35,88.74,57.9,66.65650000000001,508.0,Medium Performer
619,Furniture,18,80.91,2.03,3.67,3392,1680,3.35,80.91,79.7,81.65,66.4,66.5,76.38550000000001,130.5,Medium Performer
620,Furniture,13,91.98,5.4,11.0,1460,1075,9.52,91.98,46.0,45.0,78.5,4.800000000000011,54.654,916.0,Low Performer
621,Pharma,19,94.61,6.64,-6.81,4550,685,7.54,94.61,33.60000000000001,65.95,86.3,24.599999999999994,60.225500000000004,765.0,Medium Performer
622,Apparel,16,79.39,0.88,10.01,1222,882,2.98,79.39,91.2,49.95,82.36,70.2,76.38550000000001,130.5,Medium Performer
623,Furniture,13,93.96,7.34,11.58,938,292,5.04,93.96,26.599999999999994,42.1,94.16,49.6,60.48899999999999,757.0,Medium Performer
624,Furniture,17,99.03,0.72,-6.23,3388,1091,8.17,99.03,92.8,68.85,78.18,18.299999999999997,74.7145,171.0,Medium Performer
625,Apparel,9,95.71,3.17,11.29,4567,1847,5.92,95.71,68.3,43.550000000000004,63.06,40.8,66.78649999999999,503.0,Medium Performer
626,Apparel,15,73.53,0.62,14.79,1691,843,6.85,73.53,93.8,26.05000000000001,83.14,31.5,64.0305,623.0,Medium Performer
627,Furniture,18,92.19,1.08,8.17,521,546,7.78,92.19,89.2,59.15,89.08,22.200000000000003,72.1775,256.0,Medium Performer
628,Apparel,22,79.59,7.33,9.62,2990,1106,6.6,79.59,26.700000000000003,51.900000000000006,77.88,34.0,52.925,942.0,Low Performer
629,Furniture,9,99.65,3.16,14.86,596,1918,5.86,99.65,68.4,25.700000000000003,61.64,41.4,65.29400000000001,571.0,Medium Performer
630,Furniture,16,84.56,3.69,5.14,4776,932,7.75,84.56,63.1,74.3,81.36,22.5,64.924,586.0,Medium Performer
631,Pharma,15,73.67,2.12,-2.3,3647,1162,7.55,73.67,78.8,88.5,76.76,24.5,67.652,461.0,Medium Performer
632,Electronics,19,91.76,4.98,10.94,2875,1632,6.67,91.76,50.199999999999996,45.300000000000004,67.36,33.3,60.269000000000005,764.0,Medium Performer
633,Furniture,21,79.69,4.96,5.36,3773,851,4.24,79.69,50.4,73.2,82.98,57.599999999999994,67.30499999999999,477.0,Medium Performer
634,Food,8,99.91,3.29,4.53,413,1459,4.65,99.91,67.1,77.35,70.82,53.5,76.1325,137.0,Medium Performer
635,Electronics,4,99.39,3.0,-3.66,2216,957,9.73,99.39,70.0,81.7,80.86,2.6999999999999886,68.198,423.0,Medium Performer
636,Electronics,13,89.68,7.14,8.91,3359,674,2.01,89.68,28.60000000000001,55.45,86.52,79.9,67.0035,489.0,Medium Performer
637,Electronics,22,73.89,3.37,-7.96,595,1727,3.42,73.89,66.3,60.2,65.46000000000001,65.8,67.478,469.0,Medium Performer
638,Pharma,4,90.61,4.2,13.11,3290,1158,5.43,90.61,58.0,34.45,76.84,45.7,63.674499999999995,647.0,Medium Performer
639,Furniture,21,72.79,2.62,-1.85,4779,76,8.53,72.79,73.8,90.75,98.48,14.700000000000003,66.6875,507.0,Medium Performer
640,Pharma,15,70.88,6.4,-6.81,1986,15,2.47,70.88,36.0,65.95,99.7,75.3,65.1865,577.0,Medium Performer
641,Furniture,16,94.69,3.48,1.06,1012,646,3.49,94.69,65.2,94.7,87.08,65.1,80.64,48.0,Top Performer
642,Pharma,15,76.29,4.35,-8.94,3055,323,1.59,76.29,56.5,55.300000000000004,93.54,84.1,71.481,287.0,Medium Performer
643,Pharma,8,81.37,2.4,7.12,3856,1359,7.35,81.37,76.0,64.4,72.82,26.5,65.65299999999999,559.0,Medium Performer
644,Food,18,99.2,7.91,12.57,932,574,3.14,99.2,20.900000000000006,37.15,88.52,68.6,63.12949999999999,676.0,Medium Performer
645,Pharma,13,80.11,2.69,10.93,3890,1611,4.5,80.11,73.1,45.35,67.78,55.0,66.8885,498.0,Medium Performer
646,Apparel,21,78.89,6.28,-6.82,920,835,4.99,78.89,37.199999999999996,65.9,83.3,50.099999999999994,61.202,740.0,Medium Performer
647,Food,5,97.55,3.71,-6.84,4661,515,9.02,97.55,62.9,65.8,89.7,9.800000000000011,65.78999999999999,548.0,Medium Performer
648,Pharma,10,73.32,2.05,10.34,3035,1115,4.7,73.32,79.5,48.3,77.7,53.0,67.48599999999999,468.0,Medium Performer
649,Electronics,7,92.79,6.5,13.11,915,1632,2.31,92.79,35.0,34.45,67.36,76.9,63.870500000000014,630.0,Medium Performer
650,Apparel,17,99.64,3.0,1.52,4359,1035,5.72,99.64,70.0,92.4,79.3,42.800000000000004,77.74199999999999,98.0,Medium Performer
651,Apparel,23,97.04,6.99,2.47,3253,213,9.67,97.04,30.099999999999994,87.65,95.74,3.299999999999997,60.018499999999996,769.0,Medium Performer
652,Apparel,23,89.55,7.36,-2.04,2947,671,6.47,89.55,26.39999999999999,89.8,86.58,35.3,62.653,690.0,Medium Performer
653,Food,22,79.42,6.95,12.36,2294,814,9.85,79.42,30.5,38.2,83.72,1.5,45.852999999999994,998.0,Low Performer
654,Pharma,22,77.63,0.76,6.12,68,413,8.57,77.63,92.4,69.4,91.74,14.299999999999997,68.83299999999998,396.0,Medium Performer
655,Pharma,3,94.58,6.41,-2.79,691,1136,1.32,94.58,35.900000000000006,86.05,77.28,86.8,75.34450000000001,154.0,Medium Performer
656,Electronics,9,96.39,3.59,-2.53,3133,545,6.93,96.39,64.1,87.35,89.1,30.700000000000003,73.0945,224.0,Medium Performer
657,Electronics,12,85.76,7.05,12.28,379,1401,3.58,85.76,29.5,38.6,71.98,64.2,58.931000000000004,806.0,Low Performer
658,Apparel,14,77.33,5.28,-9.66,915,1245,6.04,77.33,47.199999999999996,51.7,75.1,39.6,58.184,830.0,Low Performer
659,Electronics,18,73.39,6.75,-1.93,823,586,3.51,73.39,32.5,90.35,88.28,64.9,65.5025,563.0,Medium Performer
660,Food,9,72.62,4.25,3.86,4537,1994,4.14,72.62,57.5,80.7,60.12,58.6,65.998,539.0,Medium Performer
661,Pharma,22,91.57,4.51,-6.29,4782,1242,9.31,91.57,54.900000000000006,68.55,75.16,6.8999999999999915,60.37449999999999,762.0,Medium Performer
662,Apparel,19,82.6,1.58,-7.7,2404,772,2.86,82.6,84.2,61.5,84.56,71.4,77.791,97.0,Medium Performer
663,Electronics,19,97.16,6.38,10.38,3388,1930,8.87,97.16,36.2,48.099999999999994,61.4,11.300000000000011,53.812999999999995,927.0,Low Performer
664,Food,15,92.19,3.65,12.36,3568,126,1.27,92.19,63.5,38.2,97.48,87.3,76.47,129.0,Medium Performer
665,Food,16,75.74,4.25,10.59,2992,637,1.82,75.74,57.5,47.05,87.26,81.8,69.2405,382.0,Medium Performer
666,Electronics,7,88.41,6.39,12.47,2617,758,8.69,88.41,36.1,37.65,84.84,13.100000000000009,52.29950000000001,952.0,Low Performer
667,Pharma,12,83.07,4.99,3.83,1724,1511,6.68,83.07,50.099999999999994,80.85,69.78,33.2,63.1915,672.0,Medium Performer
668,Electronics,14,87.32,2.01,10.31,2733,114,7.73,87.32,79.9,48.449999999999996,97.72,22.69999999999999,67.75049999999999,455.0,Medium Performer
669,Apparel,2,92.14,4.93,-0.4,3430,504,2.88,92.14,50.7,98.0,89.92,71.2,78.249,88.0,Medium Performer
670,Electronics,7,94.19,3.56,6.66,789,1804,5.83,94.19,64.4,66.7,63.92,41.7,69.09400000000001,386.0,Medium Performer
671,Food,10,95.31,4.02,14.72,1595,55,7.63,95.31,59.800000000000004,26.39999999999999,98.9,23.700000000000003,62.133,707.0,Medium Performer
672,Electronics,9,77.62,0.71,-4.36,4614,832,6.65,77.62,92.9,78.2,83.36,33.5,73.277,213.0,Medium Performer
673,Pharma,12,70.93,2.08,-0.25,2309,1364,5.25,70.93,79.2,98.75,72.72,47.5,72.6635,233.0,Medium Performer
674,Furniture,23,92.18,2.61,2.0,1185,1249,9.64,92.18,73.9,90.0,75.02,3.5999999999999943,67.851,446.0,Medium Performer
675,Electronics,20,73.19,5.85,-6.55,923,991,7.09,73.19,41.5,67.25,80.18,29.099999999999994,56.25749999999999,876.0,Low Performer
676,Pharma,10,79.45,0.59,-7.97,4605,969,9.17,79.45,94.1,60.15,80.62,8.299999999999997,66.1045,537.0,Medium Performer
677,Pharma,18,70.11,3.57,10.74,2350,1525,7.57,70.11,64.30000000000001,46.3,69.5,24.299999999999997,55.86300000000001,888.0,Low Performer
678,Food,13,90.45,7.43,14.42,801,1846,7.62,90.45,25.700000000000003,27.900000000000006,63.08,23.799999999999997,48.813,985.0,Low Performer
679,Pharma,15,75.01,1.34,0.12,903,1955,1.72,75.01,86.6,99.4,60.9,82.8,81.71300000000001,33.0,Top Performer
680,Pharma,16,89.66,4.37,-7.81,3782,854,4.24,89.66,56.3,60.95,82.92,57.599999999999994,69.9275,348.0,Medium Performer
681,Pharma,17,99.75,6.4,-8.35,2333,458,8.73,99.75,36.0,58.25,90.84,12.699999999999989,59.2865,788.0,Low Performer
682,Pharma,23,72.18,7.57,12.28,1379,545,3.09,72.18,24.299999999999997,38.6,89.1,69.1,56.249,877.0,Low Performer
683,Apparel,23,72.31,6.1,1.6,527,520,2.04,72.31,39.0,92.0,89.6,79.6,70.123,337.0,Medium Performer
684,Apparel,21,80.21,5.9,-2.0,2776,1491,3.93,80.21,41.0,90.0,70.18,60.699999999999996,66.971,492.0,Medium Performer
685,Food,2,95.99,6.7,1.91,3141,1580,2.98,95.99,33.0,90.45,68.4,70.2,71.4945,285.0,Medium Performer
686,Electronics,11,76.47,3.85,-2.04,4280,1569,9.33,76.47,61.5,89.8,68.62,6.700000000000003,59.98800000000001,771.0,Low Performer
687,Pharma,9,80.81,6.54,2.23,4555,549,8.81,80.81,34.599999999999994,88.85,89.02,11.899999999999991,57.5025,849.0,Low Performer
688,Electronics,19,72.06,0.56,11.49,1319,1517,5.5,72.06,94.4,42.55,69.66,45.0,67.5665,465.0,Medium Performer
689,Electronics,2,92.89,7.43,4.81,4231,25,1.55,92.89,25.700000000000003,75.95,99.5,84.5,72.53450000000001,242.0,Medium Performer
690,Food,3,82.25,3.82,7.37,2653,1604,7.43,82.25,61.800000000000004,63.15,67.92,25.700000000000003,61.5295,731.0,Medium Performer
691,Pharma,2,92.78,4.65,-0.88,1519,252,6.61,92.78,53.5,95.6,94.96,33.89999999999999,71.825,271.0,Medium Performer
692,Pharma,2,97.11,2.41,8.46,427,1983,9.73,97.11,75.9,57.699999999999996,60.34,2.6999999999999886,63.337,663.0,Medium Performer
693,Furniture,10,76.98,6.07,6.67,1730,1240,6.03,76.98,39.3,66.65,75.2,39.699999999999996,58.3765,822.0,Low Performer
694,Electronics,14,94.22,1.07,-7.01,291,921,4.03,94.22,89.3,64.95,81.58,59.699999999999996,80.43149999999999,53.0,Top Performer
695,Electronics,2,71.77,7.04,4.32,969,1304,5.67,71.77,29.599999999999994,78.4,73.92,43.3,56.742999999999995,867.0,Low Performer
696,Apparel,14,96.97,6.71,-3.58,119,770,9.81,96.97,32.900000000000006,82.1,84.6,1.8999999999999915,58.471,817.0,Low Performer
697,Furniture,21,89.52,2.12,10.1,3974,1812,7.27,89.52,78.8,49.5,63.76,27.30000000000001,65.817,547.0,Medium Performer
698,Apparel,23,96.23,6.57,0.65,2136,714,7.05,96.23,34.3,96.75,85.72,29.5,66.42850000000001,521.0,Medium Performer
699,Apparel,8,70.01,6.4,14.87,2057,1880,3.17,70.01,36.0,25.650000000000006,62.4,68.3,53.7505,929.0,Low Performer
700,Apparel,3,75.07,5.24,-7.69,850,1763,7.69,75.07,47.599999999999994,61.55,64.74000000000001,23.099999999999994,54.747499999999995,914.0,Low Performer
701,Food,7,81.69,3.3,9.51,2829,124,7.75,81.69,67.0,52.45,97.52,22.5,63.3765,660.0,Medium Performer
702,Food,8,81.39,2.54,6.84,4970,1613,3.86,81.39,74.6,65.8,67.74000000000001,61.4,71.99099999999999,260.0,Medium Performer
703,Apparel,15,76.8,2.24,9.19,805,1332,5.35,76.8,77.6,54.050000000000004,73.36,46.5,67.1835,481.0,Medium Performer
704,Furniture,19,81.45,2.89,-2.31,2045,1870,3.65,81.45,71.1,88.45,62.6,63.5,74.43749999999999,184.0,Medium Performer
705,Electronics,16,73.87,7.28,2.3,1371,1516,3.33,73.87,27.200000000000003,88.5,69.68,66.7,62.54400000000001,693.0,Medium Performer
706,Furniture,3,82.38,1.08,9.91,2380,406,1.23,82.38,89.2,50.45,91.88,87.7,81.3095,40.0,Top Performer
707,Pharma,11,94.07,6.72,-4.19,159,403,3.57,94.07,32.8,79.05,91.94,64.30000000000001,70.3325,326.0,Medium Performer
708,Food,24,84.37,3.12,-4.35,1066,1108,5.99,84.37,68.8,78.25,77.84,40.099999999999994,70.0525,341.0,Medium Performer
709,Electronics,13,70.54,4.41,3.78,3915,987,1.01,70.54,55.9,81.1,80.26,89.9,73.308,211.0,Medium Performer
710,Electronics,18,82.64,6.46,3.09,74,1515,3.55,82.64,35.400000000000006,84.55,69.7,64.5,66.19449999999999,533.0,Medium Performer
711,Pharma,9,70.82,7.13,-2.94,4988,1136,8.93,70.82,28.700000000000003,85.3,77.28,10.700000000000003,51.084,973.0,Low Performer
712,Pharma,12,98.99,3.09,-2.55,2888,306,6.34,98.99,69.1,87.25,93.88,36.6,76.76749999999998,125.0,Medium Performer
713,Apparel,4,73.82,3.96,-3.05,787,1011,6.47,73.82,60.4,84.75,79.78,35.3,64.9965,583.0,Medium Performer
714,Food,7,91.23,3.61,9.29,229,187,4.63,91.23,63.9,53.550000000000004,96.26,53.7,71.7425,278.0,Medium Performer
715,Food,10,99.18,0.6,6.3,281,1248,7.09,99.18,94.0,68.5,75.03999999999999,29.099999999999994,76.853,122.0,Medium Performer
716,Furniture,7,94.78,2.72,10.81,1967,976,2.71,94.78,72.8,45.949999999999996,80.48,72.9,76.1545,136.0,Medium Performer
717,Apparel,10,90.98,3.94,14.39,392,324,8.37,90.98,60.6,28.049999999999997,93.52,16.30000000000001,59.26350000000001,792.0,Low Performer
718,Apparel,8,95.18,3.58,1.85,4622,1072,2.05,95.18,64.2,90.75,78.56,79.5,81.9725,30.0,Top Performer
719,Apparel,10,99.45,5.91,-8.33,2673,268,6.9,99.45,40.9,58.35,94.64,31.0,64.4765,603.0,Medium Performer
720,Apparel,19,88.64,3.39,-8.8,504,1749,4.07,88.64,66.1,56.0,65.02000000000001,59.3,69.87899999999999,349.0,Medium Performer
721,Food,13,86.78,4.17,-2.61,4434,16,7.73,86.78,58.3,86.95,99.68,22.69999999999999,68.1595,425.0,Medium Performer
722,Food,9,88.85,3.72,13.31,4675,58,5.95,88.85,62.8,33.45,98.84,40.5,65.3565,568.0,Medium Performer
723,Apparel,9,85.98,6.05,3.08,2326,1571,5.07,85.98,39.5,84.6,68.58,49.3,65.077,580.0,Medium Performer
724,Furniture,19,89.05,6.97,-3.21,645,170,2.52,89.05,30.299999999999997,83.95,96.6,74.8,71.5025,284.0,Medium Performer
725,Electronics,21,83.5,4.49,-0.02,3924,1902,6.73,83.5,55.099999999999994,99.9,61.96,32.69999999999999,66.54599999999999,512.0,Medium Performer
726,Electronics,16,76.55,6.42,4.96,4580,185,9.77,76.55,35.8,75.2,96.3,2.3000000000000114,53.285000000000004,937.0,Low Performer
727,Furniture,8,73.61,2.73,6.32,4547,1624,8.43,73.61,72.7,68.4,67.52000000000001,15.700000000000003,60.41,760.0,Medium Performer
728,Apparel,12,72.05,4.56,-6.15,2719,1035,1.54,72.05,54.400000000000006,69.25,79.3,84.6,70.4525,320.0,Medium Performer
729,Food,21,77.9,3.09,14.43,2185,1010,4.39,77.9,69.1,27.849999999999994,79.8,56.1,64.0225,624.0,Medium Performer
730,Electronics,17,71.38,3.61,3.62,4014,1928,9.33,71.38,63.9,81.9,61.44,6.700000000000003,57.157999999999994,861.0,Low Performer
731,Pharma,5,87.02,5.99,-6.61,1615,464,5.53,87.02,40.099999999999994,66.94999999999999,90.72,44.699999999999996,64.1855,615.0,Medium Performer
732,Pharma,7,78.51,7.11,12.34,358,1961,6.96,78.51,28.89999999999999,38.3,60.78,30.400000000000006,48.681,988.0,Low Performer
733,Furniture,23,94.74,1.41,-8.13,392,1677,9.21,94.74,85.9,59.349999999999994,66.46000000000001,7.8999999999999915,67.0255,486.0,Medium Performer
734,Apparel,4,72.23,5.26,12.69,485,285,8.86,72.23,47.400000000000006,36.550000000000004,94.3,11.400000000000006,50.71150000000001,979.0,Low Performer
735,Electronics,10,76.79,4.87,14.91,226,507,5.52,76.79,51.3,25.450000000000003,89.86,44.800000000000004,57.62550000000001,843.0,Low Performer
736,Apparel,11,91.91,1.39,7.51,188,1662,4.94,91.91,86.1,62.45,66.75999999999999,50.599999999999994,75.2615,156.0,Medium Performer
737,Electronics,15,87.96,2.09,9.26,243,685,4.06,87.96,79.1,53.7,86.3,59.400000000000006,74.72800000000001,170.0,Medium Performer
738,Furniture,12,71.93,2.83,-1.57,3307,1833,7.47,71.93,71.7,92.15,63.34,25.299999999999997,64.7205,596.0,Medium Performer
739,Furniture,19,96.32,1.75,13.54,3285,1061,3.58,96.32,82.5,32.30000000000001,78.78,64.2,75.084,158.0,Medium Performer
740,Pharma,23,96.32,2.33,3.24,992,1366,3.25,96.32,76.7,83.8,72.68,67.5,81.40899999999999,38.0,Top Performer
741,Apparel,13,79.91,2.51,8.31,4670,1034,4.21,79.91,74.9,58.449999999999996,79.32,57.9,70.9775,298.0,Medium Performer
742,Pharma,24,80.21,3.02,13.1,3929,1221,2.59,80.21,69.8,34.5,75.58,74.1,69.066,387.0,Medium Performer
743,Apparel,13,99.67,6.12,14.38,3163,65,7.26,99.67,38.8,28.099999999999994,98.7,27.400000000000006,59.166,797.0,Low Performer
744,Pharma,14,88.79,4.79,10.83,3012,556,6.55,88.79,52.1,45.85,88.88,34.5,62.32749999999999,701.0,Medium Performer
745,Food,14,85.94,7.9,-2.42,4886,1145,5.35,85.94,21.0,87.9,77.1,46.5,61.227000000000004,739.0,Medium Performer
746,Food,20,95.14,3.61,14.16,1003,1831,4.51,95.14,63.9,29.200000000000003,63.38,54.900000000000006,66.215,531.0,Medium Performer
747,Food,20,78.56,6.15,5.7,1352,1343,9.18,78.56,38.5,71.5,73.14,8.200000000000003,52.872,943.0,Low Performer
748,Food,24,82.88,7.04,13.27,3431,45,1.26,82.88,29.599999999999994,33.650000000000006,99.1,87.4,64.7015,598.0,Medium Performer
749,Electronics,15,78.03,5.59,6.9,2930,448,7.92,78.03,44.1,65.5,91.03999999999999,20.799999999999997,57.522999999999996,847.0,Low Performer
750,Food,5,93.67,3.59,-2.32,2237,1762,9.12,93.67,64.1,88.4,64.75999999999999,8.800000000000011,65.622,560.0,Medium Performer
751,Furniture,14,87.2,6.15,-0.75,4937,1625,5.02,87.2,38.5,96.25,67.5,49.800000000000004,66.9325,494.0,Medium Performer
752,Furniture,9,89.76,2.03,3.76,595,1859,5.96,89.76,79.7,81.2,62.82,40.4,73.395,208.0,Medium Performer
753,Electronics,24,77.57,2.96,9.75,1977,604,9.5,77.57,70.4,51.25,87.92,5.0,58.3505,824.0,Low Performer
754,Food,22,76.61,4.6,-2.05,4202,1610,2.91,76.61,54.0,89.75,67.8,70.9,70.9055,302.0,Medium Performer
755,Food,24,84.65,4.82,4.49,54,1358,5.68,84.65,51.8,77.55,72.84,43.2,65.9015,544.0,Medium Performer
756,Food,20,92.13,0.67,-1.36,3531,1673,5.27,92.13,93.3,93.2,66.53999999999999,47.300000000000004,81.05799999999999,42.0,Top Performer
757,Pharma,13,85.76,7.59,10.39,3303,316,3.33,85.76,24.099999999999994,48.05,93.68,66.7,61.6685,723.0,Medium Performer
758,Apparel,19,70.98,5.72,1.67,1412,1567,8.37,70.98,42.800000000000004,91.65,68.66,16.30000000000001,55.86750000000001,887.0,Low Performer
759,Pharma,7,96.06,4.22,-8.08,1870,1761,9.1,96.06,57.800000000000004,59.6,64.78,9.0,60.486,758.0,Medium Performer
760,Apparel,19,71.94,7.5,-5.85,2713,628,8.04,71.94,25.0,70.75,87.44,19.60000000000001,51.1085,972.0,Low Performer
761,Food,20,98.67,3.79,-8.47,2988,1142,2.76,98.67,62.1,57.65,77.16,72.4,75.9695,141.0,Medium Performer
762,Food,23,70.75,7.85,2.48,1323,1405,1.78,70.75,21.5,87.6,71.9,82.2,63.36999999999999,661.0,Medium Performer
763,Pharma,6,90.83,4.34,-7.34,3376,366,6.45,90.83,56.6,63.3,92.68,35.5,67.262,479.0,Medium Performer
764,Pharma,10,72.47,1.36,-7.15,3709,190,1.51,72.47,86.4,64.25,96.2,84.9,79.5785,65.0,Medium Performer
765,Apparel,4,97.32,6.24,13.53,2995,1389,7.06,97.32,37.599999999999994,32.35000000000001,72.22,29.400000000000006,56.5505,871.0,Low Performer
766,Furniture,11,83.93,5.59,11.82,3068,1709,5.77,83.93,44.1,40.9,65.82,42.300000000000004,57.381,852.0,Low Performer
767,Apparel,20,74.13,6.3,1.3,1181,77,6.97,74.13,37.0,93.5,98.46,30.299999999999997,61.42,734.0,Medium Performer
768,Pharma,4,80.22,7.64,14.65,4813,301,6.31,80.22,23.60000000000001,26.75,93.98,36.900000000000006,50.75650000000001,978.0,Low Performer
769,Pharma,23,74.94,6.32,-10.0,2686,701,4.8,74.94,36.8,50.0,85.98,52.0,58.18,831.0,Low Performer
770,Electronics,16,75.12,5.09,5.35,3079,190,2.81,75.12,49.1,73.25,96.2,71.9,69.79849999999999,352.0,Medium Performer
771,Pharma,2,98.44,6.93,5.41,3069,1499,3.75,98.44,30.700000000000003,72.95,70.02,62.5,67.6515,462.0,Medium Performer
772,Electronics,8,83.36,5.55,1.44,4427,443,5.72,83.36,44.5,92.8,91.14,42.800000000000004,67.727,457.0,Medium Performer
773,Furniture,13,93.66,3.56,-0.08,3209,1497,6.87,93.66,64.4,99.6,70.06,31.299999999999997,72.40400000000001,248.0,Medium Performer
774,Apparel,18,89.19,7.14,1.38,303,1714,8.02,89.19,28.60000000000001,93.1,65.72,19.80000000000001,58.403999999999996,821.0,Low Performer
775,Apparel,22,90.29,2.16,0.37,378,923,7.9,90.29,78.4,98.15,81.53999999999999,21.0,73.7635,201.0,Medium Performer
776,Electronics,21,73.95,5.86,8.26,2641,1567,9.75,73.95,41.4,58.7,68.66,2.5,48.705999999999996,987.0,Low Performer
777,Apparel,6,77.03,7.11,-6.62,2880,75,3.57,77.03,28.89999999999999,66.9,98.5,64.30000000000001,63.07900000000001,680.0,Medium Performer
778,Pharma,5,93.6,5.98,-5.06,3094,1054,1.64,93.6,40.199999999999996,74.7,78.92,83.6,73.947,197.0,Medium Performer
779,Food,13,99.12,5.73,-5.49,1470,1645,4.11,99.12,42.699999999999996,72.55,67.1,58.9,69.7835,353.0,Medium Performer
780,Electronics,21,77.88,6.14,-3.44,3451,393,7.69,77.88,38.6,82.8,92.14,23.099999999999994,59.267999999999994,791.0,Low Performer
781,Apparel,19,78.15,3.99,3.13,2942,1845,4.94,78.15,60.099999999999994,84.35,63.1,50.599999999999994,67.5525,467.0,Medium Performer
782,Electronics,18,84.19,7.06,-7.22,704,1648,8.36,84.19,29.400000000000006,63.9,67.03999999999999,16.400000000000006,52.176,954.0,Low Performer
783,Electronics,20,99.52,2.03,11.7,809,1592,5.94,99.52,79.7,41.5,68.16,40.599999999999994,70.94200000000001,300.0,Medium Performer
784,Food,10,78.07,1.46,-2.57,1848,48,9.37,78.07,85.4,87.15,99.04,6.300000000000011,69.00750000000001,389.0,Medium Performer
785,Pharma,5,82.21,2.64,-5.94,3021,1318,9.53,82.21,73.6,70.3,73.64,4.700000000000003,61.91199999999999,716.0,Medium Performer
786,Electronics,22,96.74,4.49,6.89,4561,831,1.62,96.74,55.099999999999994,65.55000000000001,83.38,83.8,77.7275,99.0,Medium Performer
787,Apparel,3,70.09,4.33,-9.05,3476,611,5.11,70.09,56.7,54.75,87.78,48.9,61.9725,714.0,Medium Performer
788,Furniture,5,71.19,6.65,5.5,304,1630,6.49,71.19,33.5,72.5,67.4,35.099999999999994,54.367000000000004,918.0,Low Performer
789,Electronics,3,88.12,3.53,7.45,3873,794,3.3,88.12,64.7,62.75,84.12,67.0,73.83550000000001,200.0,Medium Performer
790,Electronics,16,97.22,4.13,-4.63,1926,1369,4.66,97.22,58.7,76.85,72.62,53.4,73.31049999999999,210.0,Medium Performer
791,Food,3,77.17,0.6,-8.95,2807,1221,7.1,77.17,94.0,55.25,75.58,29.0,68.2965,420.0,Medium Performer
792,Pharma,5,84.09,3.57,-0.91,2674,680,3.04,84.09,64.30000000000001,95.45,86.4,69.6,78.1795,91.0,Medium Performer
793,Furniture,7,83.51,5.36,-7.54,4171,1276,6.42,83.51,46.4,62.3,74.48,35.8,60.605999999999995,755.0,Medium Performer
794,Apparel,8,84.19,0.62,-7.09,3054,1106,7.28,84.19,93.8,64.55,77.88,27.200000000000003,71.61749999999999,282.0,Medium Performer
795,Furniture,11,88.68,2.61,-3.64,4566,488,1.81,88.68,73.9,81.8,90.24,81.9,82.75300000000001,25.0,Top Performer
796,Apparel,20,84.09,2.06,-2.61,3784,570,5.48,84.09,79.4,86.95,88.6,45.199999999999996,76.0195,139.0,Medium Performer
797,Pharma,20,83.42,0.81,3.25,1294,110,3.37,83.42,91.9,83.75,97.8,66.3,83.60350000000001,17.0,Top Performer
798,Apparel,23,84.23,4.09,6.96,1058,523,7.52,84.23,59.1,65.2,89.53999999999999,24.80000000000001,63.73800000000001,642.0,Medium Performer
799,Food,13,87.73,1.86,4.82,4364,1789,2.71,87.73,81.4,75.9,64.22,72.9,79.056,75.0,Medium Performer
800,Food,4,86.11,6.07,-6.29,1560,185,9.03,86.11,39.3,68.55,96.3,9.700000000000003,57.5105,848.0,Low Performer
801,Food,14,95.62,6.86,-5.7,2009,247,4.88,95.62,31.39999999999999,71.5,95.06,51.2,67.007,488.0,Medium Performer
802,Food,19,71.48,4.59,11.97,2558,919,2.78,71.48,54.1,40.15,81.62,72.2,63.593500000000006,653.0,Medium Performer
803,Furniture,9,95.0,7.86,3.96,4808,1092,4.94,95.0,21.39999999999999,80.2,78.16,50.599999999999994,63.815999999999995,636.0,Medium Performer
804,Pharma,22,95.32,3.88,11.75,2732,1898,4.68,95.32,61.2,41.25,62.04,53.2,66.92750000000001,495.0,Medium Performer
805,Apparel,16,78.55,4.35,-0.71,1039,1132,4.86,78.55,56.5,96.45,77.36,51.4,70.1735,333.0,Medium Performer
806,Apparel,2,83.89,7.92,5.36,4334,1987,6.27,83.89,20.799999999999997,73.2,60.26,37.300000000000004,54.83299999999999,911.0,Low Performer
807,Food,4,83.16,2.24,3.09,304,880,5.69,83.16,77.6,84.55,82.4,43.099999999999994,73.8905,198.0,Medium Performer
808,Food,9,76.56,7.57,-2.02,4213,1987,2.35,76.56,24.299999999999997,89.9,60.26,76.5,63.854,632.0,Medium Performer
809,Electronics,5,81.9,0.82,1.75,4761,504,1.59,81.9,91.8,91.25,89.92,84.1,87.0195,5.0,Top Performer
810,Pharma,17,71.33,3.85,2.56,4502,956,7.56,71.33,61.5,87.2,80.88,24.400000000000006,62.822,686.0,Medium Performer
811,Furniture,24,78.33,1.03,-4.98,305,1547,6.04,78.33,89.7,75.1,69.06,39.6,72.015,259.0,Medium Performer
812,Apparel,11,94.5,5.97,-2.12,1057,764,4.23,94.5,40.300000000000004,89.4,84.72,57.699999999999996,71.847,267.0,Medium Performer
813,Electronics,13,78.54,5.06,9.79,1805,1330,8.28,78.54,49.400000000000006,51.050000000000004,73.4,17.200000000000003,54.349500000000006,919.0,Low Performer
814,Electronics,15,94.55,5.8,12.89,2621,220,4.49,94.55,42.0,35.55,95.6,55.099999999999994,64.77749999999999,593.0,Medium Performer
815,Apparel,15,85.95,3.31,-1.01,3958,1156,8.16,85.95,66.9,94.95,76.88,18.400000000000006,68.1205,426.0,Medium Performer
816,Furniture,3,96.4,3.27,-2.33,3047,1262,3.75,96.4,67.3,88.35,74.76,62.5,78.9735,76.0,Medium Performer
817,Electronics,24,87.24,0.84,-5.12,2853,1627,1.66,87.24,91.6,74.4,67.46000000000001,83.4,83.658,16.0,Top Performer
818,Electronics,6,70.89,3.12,6.96,3815,1689,9.39,70.89,68.8,65.2,66.22,6.099999999999994,56.089,880.0,Low Performer
819,Pharma,6,90.26,7.47,-1.92,4429,1421,4.55,90.26,25.299999999999997,90.4,71.58,54.5,65.021,582.0,Medium Performer
820,Furniture,7,71.35,3.34,14.69,3433,149,8.13,71.35,66.6,26.549999999999997,97.02,18.69999999999999,55.47949999999999,897.0,Low Performer
821,Electronics,14,83.52,6.74,-1.86,148,550,3.51,83.52,32.599999999999994,90.7,89.0,64.9,68.69099999999999,400.0,Medium Performer
822,Furniture,10,97.88,6.82,-0.15,246,1424,6.82,97.88,31.799999999999997,99.25,71.52,31.799999999999997,65.7135,554.0,Medium Performer
823,Apparel,23,74.96,3.3,5.08,2579,279,8.86,74.96,67.0,74.6,94.42,11.400000000000006,62.15,706.0,Medium Performer
824,Food,16,81.7,5.24,10.04,927,1792,1.37,81.7,47.599999999999994,49.800000000000004,64.16,86.3,67.556,466.0,Medium Performer
825,Electronics,15,91.9,1.22,1.74,1918,1045,8.48,91.9,87.8,91.3,79.1,15.199999999999989,74.16499999999999,194.0,Medium Performer
826,Pharma,8,96.47,1.28,0.57,2715,1900,6.14,96.47,87.2,97.15,62.0,38.6,79.2335,69.0,Medium Performer
827,Apparel,21,90.13,0.86,14.89,1438,1422,6.47,90.13,91.4,25.549999999999997,71.56,35.3,67.93749999999999,442.0,Medium Performer
828,Furniture,3,77.75,4.86,-9.74,2465,1370,5.71,77.75,51.4,51.3,72.6,42.9,59.709999999999994,780.0,Low Performer
829,Apparel,8,90.24,3.7,12.38,619,515,8.87,90.24,63.0,38.099999999999994,89.7,11.300000000000011,59.767,779.0,Low Performer
830,Electronics,7,78.9,4.61,-6.27,2687,1139,1.39,78.9,53.9,68.65,77.22,86.1,72.3845,249.0,Medium Performer
831,Furniture,18,91.55,4.41,9.65,1115,41,3.35,91.55,55.9,51.75,99.18,66.5,72.4205,247.0,Medium Performer
832,Food,3,98.62,3.13,5.45,471,1107,8.88,98.62,68.7,72.75,77.86,11.199999999999989,67.69949999999999,458.0,Medium Performer
833,Apparel,4,91.64,5.58,-1.45,2933,1204,7.77,91.64,44.2,92.75,75.92,22.30000000000001,64.5065,602.0,Medium Performer
834,Electronics,6,95.89,6.19,11.85,1254,1882,1.16,95.89,38.099999999999994,40.75,62.36,88.4,68.32050000000001,417.0,Medium Performer
835,Pharma,6,70.06,0.61,-9.68,594,1102,5.65,70.06,93.9,51.6,77.96000000000001,43.5,68.729,398.0,Medium Performer
836,Furniture,2,91.53,2.05,-4.33,4216,822,5.77,91.53,79.5,78.35,83.56,42.300000000000004,75.9025,143.0,Medium Performer
837,Apparel,9,94.89,5.85,4.17,3689,371,4.61,94.89,41.5,79.15,92.58,53.9,70.7525,309.0,Medium Performer
838,Apparel,13,71.22,3.4,-1.21,1273,1682,3.68,71.22,66.0,93.95,66.36,63.199999999999996,71.2345,291.0,Medium Performer
839,Food,5,96.15,5.47,5.26,3222,1466,7.14,96.15,45.300000000000004,73.7,70.68,28.60000000000001,64.013,625.0,Medium Performer
840,Food,14,77.7,3.1,-9.4,817,938,2.87,77.7,69.0,53.0,81.24,71.3,70.894,303.0,Medium Performer
841,Pharma,24,89.96,3.43,-7.09,3707,109,8.19,89.96,65.69999999999999,64.55,97.82,18.10000000000001,66.4975,518.0,Medium Performer
842,Pharma,16,94.01,1.69,-6.82,704,1691,8.23,94.01,83.1,65.9,66.18,17.69999999999999,69.02099999999999,388.0,Medium Performer
843,Electronics,12,89.88,2.44,-5.27,2496,18,4.74,89.88,75.6,73.65,99.64,52.599999999999994,77.3955,106.0,Medium Performer
844,Electronics,11,72.77,5.04,1.48,270,1607,3.55,72.77,49.6,92.6,67.86,64.5,67.807,449.0,Medium Performer
845,Pharma,4,87.89,3.75,8.8,3716,706,3.55,87.89,62.5,56.0,85.88,64.5,71.88000000000001,265.0,Medium Performer
846,Pharma,23,86.49,6.31,12.64,4327,1062,5.34,86.49,36.900000000000006,36.8,78.76,46.6,57.888,838.0,Low Performer
847,Furniture,15,97.01,6.89,10.88,4452,1926,7.48,97.01,31.10000000000001,45.599999999999994,61.48,25.19999999999999,54.906,910.0,Low Performer
848,Food,17,82.13,4.56,-5.08,2619,1147,4.23,82.13,54.400000000000006,74.6,77.06,57.699999999999996,68.67500000000001,401.0,Medium Performer
849,Electronics,11,79.63,6.19,1.03,1063,471,6.49,79.63,38.099999999999994,94.85,90.58,35.099999999999994,63.7195,644.0,Medium Performer
850,Food,11,92.5,2.8,-5.01,2101,930,4.44,92.5,72.0,74.95,81.4,55.599999999999994,76.2525,133.0,Medium Performer
851,Food,13,82.38,3.61,-3.39,4035,1176,3.74,82.38,63.9,83.05,76.48,62.599999999999994,73.31450000000001,209.0,Medium Performer
852,Pharma,10,89.38,5.85,2.59,4993,399,1.22,89.38,41.5,87.05,92.02,87.8,77.00849999999998,114.0,Medium Performer
853,Furniture,2,89.39,3.4,-8.3,4949,641,1.04,89.39,66.0,58.5,87.18,89.6,78.73,79.0,Medium Performer
854,Apparel,6,96.64,4.91,-4.55,4360,691,3.04,96.64,50.9,77.25,86.18,69.6,75.8425,145.0,Medium Performer
855,Furniture,21,87.96,1.89,13.38,3069,166,4.66,87.96,81.1,33.099999999999994,96.68,53.4,71.976,263.0,Medium Performer
856,Furniture,9,85.06,5.0,1.65,3731,344,8.66,85.06,50.0,91.75,93.12,13.400000000000006,63.7725,639.0,Medium Performer
857,Food,12,74.17,6.96,1.13,1493,1894,8.19,74.17,30.400000000000006,94.35,62.12,18.10000000000001,53.83550000000001,925.0,Low Performer
858,Furniture,13,73.47,7.01,-9.64,4246,269,3.4,73.47,29.900000000000006,51.8,94.62,66.0,59.94800000000001,773.0,Low Performer
859,Electronics,2,74.63,5.93,-3.82,3060,91,3.2,74.63,40.7,80.9,98.18,68.0,68.11699999999999,428.0,Medium Performer
860,Food,23,75.16,6.09,11.66,622,763,3.05,75.16,39.1,41.7,84.74,69.5,60.952000000000005,745.0,Medium Performer
861,Electronics,21,89.14,4.68,-5.88,1382,1474,4.05,89.14,53.2,70.6,70.52,59.5,69.584,367.0,Medium Performer
862,Apparel,12,92.23,4.89,0.38,4803,1978,5.48,92.23,51.1,98.1,60.44,45.199999999999996,70.243,330.0,Medium Performer
863,Food,6,85.9,1.5,-9.64,4052,1205,4.95,85.9,85.0,51.8,75.9,50.5,72.47999999999999,245.0,Medium Performer
864,Apparel,16,94.87,3.83,1.96,3184,1264,2.96,94.87,61.7,90.2,74.72,70.4,78.968,77.0,Medium Performer
865,Food,6,99.74,3.88,-9.47,4136,729,2.17,99.74,61.2,52.65,85.42,78.3,77.3215,108.0,Medium Performer
866,Pharma,13,94.6,7.69,10.49,275,84,1.11,94.6,23.099999999999994,47.55,98.32,88.9,68.8995,392.0,Medium Performer
867,Furniture,6,90.85,3.73,10.62,4250,1303,2.39,90.85,62.7,46.900000000000006,73.94,76.1,72.57900000000001,240.0,Medium Performer
868,Pharma,18,85.97,4.62,9.69,2047,1932,7.35,85.97,53.8,51.550000000000004,61.36,26.5,58.40950000000001,820.0,Low Performer
869,Apparel,18,83.47,4.5,-2.92,821,635,3.19,83.47,55.0,85.4,87.3,68.1,73.95100000000001,196.0,Medium Performer
870,Furniture,13,72.53,5.28,10.93,4574,71,5.22,72.53,47.199999999999996,45.35,98.58,47.800000000000004,59.7795,778.0,Low Performer
871,Food,16,81.98,6.11,3.57,483,883,6.32,81.98,38.9,82.15,82.34,36.8,62.2355,703.0,Medium Performer
872,Furniture,16,97.3,2.19,-0.65,3149,329,8.98,97.3,78.1,96.75,93.42,10.199999999999989,74.60949999999998,177.0,Medium Performer
873,Electronics,7,94.24,4.47,5.63,2779,111,9.0,94.24,55.300000000000004,71.85,97.78,10.0,64.6525,600.0,Medium Performer
874,Furniture,13,76.48,6.69,-9.69,3457,1462,7.71,76.48,33.099999999999994,51.550000000000004,70.76,22.900000000000006,50.607499999999995,980.0,Low Performer
875,Electronics,21,84.0,3.97,-6.43,3190,883,1.32,84.0,60.3,67.85,82.34,86.8,76.04650000000001,138.0,Medium Performer
876,Furniture,19,94.5,2.59,8.56,915,1755,6.18,94.5,74.1,57.199999999999996,64.9,38.2,69.58500000000001,366.0,Medium Performer
877,Electronics,15,72.02,5.41,-3.9,2843,963,8.08,72.02,45.9,80.5,80.74,19.200000000000003,57.06999999999999,864.0,Low Performer
878,Apparel,3,81.62,6.68,4.95,2961,264,1.16,81.62,33.2,75.25,94.72,88.4,71.22550000000001,292.0,Medium Performer
879,Pharma,10,95.56,0.97,-0.37,2465,1565,5.95,95.56,90.3,98.15,68.7,40.5,80.93549999999999,43.0,Top Performer
880,Food,6,82.12,6.33,11.37,300,579,8.72,82.12,36.7,43.150000000000006,88.42,12.799999999999997,51.685500000000005,962.0,Low Performer
881,Furniture,21,72.33,6.66,13.81,3807,121,5.27,72.33,33.400000000000006,30.950000000000003,97.58,47.300000000000004,53.9095,922.0,Low Performer
882,Pharma,2,86.28,3.96,12.09,4706,994,1.04,86.28,60.4,39.55,80.12,89.6,72.8485,229.0,Medium Performer
883,Food,24,95.85,7.87,-3.23,968,1346,1.1,95.85,21.299999999999997,83.85,73.08,89.0,71.7655,277.0,Medium Performer
884,Food,4,87.71,6.4,-5.15,1223,1007,4.75,87.71,36.0,74.25,79.86,52.5,64.93650000000001,585.0,Medium Performer
885,Electronics,7,76.79,6.3,1.86,3253,470,2.4,76.79,37.0,90.7,90.6,76.0,70.15200000000002,336.0,Medium Performer
886,Apparel,6,81.53,6.11,-9.82,482,717,6.98,81.53,38.9,50.9,85.66,30.19999999999999,56.425,873.0,Low Performer
887,Apparel,22,83.5,1.63,-9.35,885,896,7.38,83.5,83.7,53.25,82.08,26.200000000000003,67.4105,471.0,Medium Performer
888,Pharma,6,87.38,2.13,3.83,2296,1495,2.6,87.38,78.7,80.85,70.1,74.0,79.8265,63.0,Medium Performer
889,Apparel,2,92.78,3.98,3.01,2312,1898,9.0,92.78,60.2,84.95,62.04,10.0,63.8305,635.0,Medium Performer
890,Furniture,18,72.97,2.48,14.86,947,1125,4.98,72.97,75.2,25.700000000000003,77.5,50.199999999999996,62.336000000000006,700.0,Medium Performer
891,Apparel,20,96.69,3.61,-4.95,3682,1085,2.29,96.69,63.9,75.25,78.3,77.1,79.51950000000001,66.0,Medium Performer
892,Pharma,15,70.37,7.16,-3.55,4617,1838,7.88,70.37,28.400000000000006,82.25,63.24,21.200000000000003,51.112500000000004,971.0,Low Performer
893,Apparel,13,81.1,6.68,-7.16,3865,529,8.11,81.1,33.2,64.2,89.42,18.900000000000006,54.982,909.0,Low Performer
894,Furniture,11,70.82,5.23,12.94,296,821,6.75,70.82,47.699999999999996,35.3,83.58,32.5,53.324,936.0,Low Performer
895,Electronics,21,81.79,6.94,9.45,2479,1131,8.68,81.79,30.599999999999994,52.75,77.38,13.200000000000003,50.4775,982.0,Low Performer
896,Pharma,22,85.77,6.38,10.56,1040,245,7.64,85.77,36.2,47.199999999999996,95.1,23.60000000000001,56.090999999999994,879.0,Low Performer
897,Electronics,19,85.35,3.72,12.57,3360,1934,8.94,85.35,62.8,37.15,61.32,10.600000000000009,55.12949999999999,906.0,Low Performer
898,Electronics,12,74.97,2.01,3.12,976,1407,4.9,74.97,79.9,84.4,71.86,51.0,72.512,244.0,Medium Performer
899,Electronics,3,89.37,4.36,1.28,3488,1614,7.73,89.37,56.4,93.6,67.72,22.69999999999999,66.26299999999999,527.0,Medium Performer
900,Food,19,71.34,6.02,-1.74,2657,936,10.0,71.34,39.800000000000004,91.3,81.28,0.0,53.175000000000004,940.0,Low Performer
901,Food,8,92.86,3.77,4.73,1124,566,7.52,92.86,62.3,76.35,88.68,24.80000000000001,68.71350000000001,399.0,Medium Performer
902,Electronics,16,98.4,5.5,1.36,4072,658,2.03,98.4,45.0,93.2,86.84,79.7,79.374,67.0,Medium Performer
903,Pharma,12,80.19,1.21,1.29,3849,243,5.66,80.19,87.9,93.55,95.14,43.4,78.2585,87.0,Medium Performer
904,Furniture,19,85.52,6.11,13.42,4834,1065,6.29,85.52,38.9,32.900000000000006,78.7,37.1,55.60600000000001,894.0,Low Performer
905,Furniture,24,81.37,6.6,14.6,3201,1322,2.57,81.37,34.0,27.0,73.56,74.3,59.177,795.0,Low Performer
906,Apparel,13,70.2,5.8,9.91,3488,1671,9.67,70.2,42.0,50.45,66.58,3.299999999999997,46.445499999999996,994.0,Low Performer
907,Pharma,7,81.58,7.75,8.92,4623,588,2.58,81.58,22.5,55.4,88.24,74.2,62.073,712.0,Medium Performer
908,Food,21,93.75,6.7,7.01,3541,551,2.6,93.75,33.0,64.95,88.98,74.0,69.8155,351.0,Medium Performer
909,Electronics,24,87.88,7.27,-5.85,756,123,9.24,87.88,27.30000000000001,70.75,97.54,7.599999999999994,55.07549999999999,907.0,Low Performer
910,Apparel,14,73.04,7.5,-8.52,3114,213,5.19,73.04,25.0,57.400000000000006,95.74,48.099999999999994,55.966,884.0,Low Performer
911,Furniture,21,95.41,6.51,7.27,803,1062,1.57,95.41,34.900000000000006,63.650000000000006,78.76,84.3,71.6315,281.0,Medium Performer
912,Food,17,85.93,5.56,8.22,637,652,6.38,85.93,44.400000000000006,58.9,86.96000000000001,36.2,61.65000000000001,724.0,Medium Performer
913,Food,19,95.25,0.54,-8.83,1384,483,6.42,95.25,94.6,55.85,90.34,35.8,76.7965,123.0,Medium Performer
914,Electronics,11,87.41,3.99,13.2,1897,706,1.58,87.41,60.099999999999994,34.0,85.88,84.2,71.776,276.0,Medium Performer
915,Furniture,24,86.79,4.78,-7.72,3984,262,9.75,86.79,52.199999999999996,61.4,94.76,2.5,58.273,827.0,Low Performer
916,Pharma,9,73.16,2.78,-2.85,3976,1831,5.9,73.16,72.2,85.75,63.38,41.0,67.3985,472.0,Medium Performer
917,Food,19,75.02,2.89,6.81,3367,914,6.04,75.02,71.1,65.95,81.72,39.6,66.26549999999999,526.0,Medium Performer
918,Electronics,22,99.16,7.71,-5.75,4070,1955,5.68,99.16,22.900000000000006,71.25,60.9,43.2,60.8905,749.0,Medium Performer
919,Pharma,2,76.85,7.19,-8.61,3205,395,6.5,76.85,28.099999999999994,56.95,92.1,35.0,54.832499999999996,912.0,Low Performer
920,Furniture,24,99.32,6.87,-1.72,4352,71,3.38,99.32,31.299999999999997,91.4,98.58,66.2,74.429,186.0,Medium Performer
921,Food,9,85.96,3.55,9.15,2248,524,3.59,85.96,64.5,54.25,89.52,64.1,71.82249999999999,272.0,Medium Performer
922,Pharma,7,74.07,0.6,0.34,214,439,5.6,74.07,94.0,98.3,91.22,44.0,78.38799999999999,85.0,Medium Performer
923,Pharma,6,72.98,1.1,6.32,2048,589,8.26,72.98,89.0,68.4,88.22,17.400000000000006,66.706,505.0,Medium Performer
924,Pharma,16,76.27,2.84,4.49,3107,1570,1.45,76.27,71.6,77.55,68.6,85.5,76.37349999999999,132.0,Medium Performer
925,Food,23,97.77,0.62,-9.44,2134,1724,6.43,97.77,93.8,52.800000000000004,65.52000000000001,35.7,74.393,187.0,Medium Performer
926,Food,16,82.42,0.63,14.71,4478,1174,8.26,82.42,93.7,26.44999999999999,76.52,17.400000000000006,63.2505,667.0,Medium Performer
927,Apparel,3,81.86,7.37,-8.96,452,752,2.41,81.86,26.299999999999997,55.199999999999996,84.96000000000001,75.9,63.089,679.0,Medium Performer
928,Furniture,2,79.4,5.8,14.2,463,1333,1.14,79.4,42.0,29.0,73.34,88.6,63.724000000000004,643.0,Medium Performer
929,Electronics,24,74.41,2.82,3.75,94,684,3.81,74.41,71.8,81.25,86.32,61.9,73.4725,206.0,Medium Performer
930,Pharma,24,84.64,1.49,14.08,4207,320,6.29,84.64,85.1,29.599999999999994,93.6,37.1,67.887,445.0,Medium Performer
931,Apparel,12,73.9,4.34,-7.13,2517,480,2.24,73.9,56.6,64.35,90.4,77.6,70.5325,316.0,Medium Performer
932,Electronics,11,95.06,0.54,2.26,917,1426,4.84,95.06,94.6,88.7,71.48,51.6,82.941,22.0,Top Performer
933,Apparel,19,81.11,7.54,-5.76,68,1675,5.97,81.11,24.599999999999994,71.2,66.5,40.300000000000004,55.873,886.0,Low Performer
934,Food,19,81.24,3.61,-8.73,414,1478,6.39,81.24,63.9,56.349999999999994,70.44,36.1,63.06349999999999,681.0,Medium Performer
935,Pharma,18,84.22,3.52,5.44,3882,1791,3.47,84.22,64.8,72.8,64.18,65.3,71.86399999999999,266.0,Medium Performer
936,Electronics,9,83.32,3.43,-4.81,629,818,4.6,83.32,65.69999999999999,75.95,83.64,54.0,71.97749999999999,262.0,Medium Performer
937,Electronics,16,99.85,1.02,4.69,595,181,8.01,99.85,89.8,76.55,96.38,19.900000000000006,77.50550000000001,104.0,Medium Performer
938,Electronics,9,86.36,5.29,-7.19,4200,585,9.47,86.36,47.1,64.05,88.3,5.299999999999997,57.1805,860.0,Low Performer
939,Electronics,18,72.65,6.0,-1.7,4923,40,8.76,72.65,40.0,91.5,99.2,12.400000000000006,57.92000000000001,837.0,Low Performer
940,Electronics,13,88.21,5.57,9.54,3089,56,6.08,88.21,44.3,52.300000000000004,98.88,39.2,63.111,677.0,Medium Performer
941,Apparel,9,74.55,1.54,0.93,4187,139,4.69,74.55,84.6,95.35,97.22,53.099999999999994,78.15950000000001,92.0,Medium Performer
942,Pharma,15,70.93,4.84,5.69,4094,361,4.0,70.93,51.6,71.55,92.78,60.0,66.18950000000001,534.0,Medium Performer
943,Food,5,99.12,4.77,6.19,4376,987,2.12,99.12,52.300000000000004,69.05,80.26,78.8,76.95450000000001,118.0,Medium Performer
944,Food,2,93.21,7.01,11.09,502,1878,1.96,93.21,29.900000000000006,44.55,62.44,80.4,64.4445,604.0,Medium Performer
945,Food,2,99.4,3.34,-1.88,4011,1655,7.2,99.4,66.6,90.6,66.9,28.0,72.35,252.0,Medium Performer
946,Food,20,84.34,3.29,7.18,1431,1614,3.34,84.34,67.1,64.1,67.72,66.6,71.78399999999999,273.0,Medium Performer
947,Apparel,17,85.97,5.14,14.04,1517,67,3.29,85.97,48.6,29.80000000000001,98.66,67.1,65.697,555.0,Medium Performer
948,Furniture,15,75.05,5.25,8.26,2788,1139,9.98,75.05,47.5,58.7,77.22,0.19999999999998863,50.957,975.0,Low Performer
949,Pharma,22,77.41,4.02,2.25,1266,821,2.69,77.41,59.800000000000004,88.75,83.58,73.1,74.46350000000001,182.0,Medium Performer
950,Electronics,17,95.16,3.82,5.77,930,1363,2.33,95.16,61.800000000000004,71.15,72.74,76.7,77.2845,109.0,Medium Performer
951,Furniture,6,80.69,4.21,8.49,3864,777,1.89,80.69,57.9,57.55,84.46000000000001,81.1,71.98049999999999,261.0,Medium Performer
952,Food,10,94.8,6.96,5.31,3199,1857,6.22,94.8,30.400000000000006,73.45,62.86,37.800000000000004,60.9035,747.0,Medium Performer
953,Furniture,3,91.27,3.96,-9.58,134,692,6.65,91.27,60.4,52.1,86.16,33.5,65.612,561.0,Medium Performer
954,Pharma,19,75.32,7.55,-5.13,4194,1416,4.29,75.32,24.5,74.35,71.68,57.1,58.461499999999994,818.0,Low Performer
955,Electronics,7,85.22,4.28,10.26,1218,1195,5.82,85.22,57.199999999999996,48.7,76.1,41.8,63.141,675.0,Medium Performer
956,Electronics,10,90.32,7.62,-3.18,4214,1006,8.1,90.32,23.799999999999997,84.1,79.88,19.0,57.448999999999984,850.0,Low Performer
957,Pharma,2,77.05,6.75,8.29,3179,295,8.36,77.05,32.5,58.550000000000004,94.1,16.400000000000006,52.712500000000006,946.0,Low Performer
958,Pharma,10,94.92,3.22,-0.7,3695,1104,9.62,94.92,67.8,96.5,77.92,3.8000000000000114,68.453,412.0,Medium Performer
959,Food,17,86.34,6.98,3.05,2576,1800,8.42,86.34,30.19999999999999,84.75,64.0,15.799999999999997,55.72449999999999,890.0,Low Performer
960,Electronics,14,74.96,1.33,-8.3,2917,1487,6.08,74.96,86.7,58.5,70.26,39.2,67.804,451.0,Medium Performer
961,Furniture,10,87.49,7.44,-5.47,3566,895,2.62,87.49,25.599999999999994,72.65,82.1,73.8,66.5145,517.0,Medium Performer
962,Apparel,22,99.99,5.24,13.93,3417,1600,1.9,99.99,47.599999999999994,30.349999999999994,68.0,81.0,69.4495,371.0,Medium Performer
963,Apparel,14,74.52,0.91,12.25,2244,1868,1.49,74.52,90.9,38.75,62.64,85.1,74.17750000000001,191.5,Medium Performer
964,Pharma,10,94.5,5.33,6.31,3605,406,7.0,94.5,46.7,68.45,91.88,30.0,65.4805,564.0,Medium Performer
965,Food,12,76.22,7.81,1.49,495,1548,8.27,76.22,21.900000000000006,92.55,69.03999999999999,17.30000000000001,52.5875,950.0,Low Performer
966,Apparel,5,93.47,1.02,6.89,3676,35,5.58,93.47,89.8,65.55000000000001,99.3,44.2,79.0935,73.0,Medium Performer
967,Electronics,3,92.04,4.66,5.47,4066,322,1.49,92.04,53.4,72.65,93.56,85.1,78.2355,90.0,Medium Performer
968,Pharma,7,79.01,6.11,4.21,3925,135,5.82,79.01,38.9,78.95,97.3,41.8,63.3605,662.0,Medium Performer
969,Furniture,15,79.77,6.58,-8.52,3387,1441,9.42,79.77,34.2,57.400000000000006,71.18,5.799999999999997,49.36899999999999,984.0,Low Performer
970,Pharma,5,93.78,3.6,5.82,311,1598,6.38,93.78,64.0,70.9,68.03999999999999,36.2,68.813,397.0,Medium Performer
971,Furniture,7,83.84,2.03,9.22,1898,1231,8.28,83.84,79.7,53.9,75.38,17.200000000000003,64.14,618.0,Medium Performer
972,Pharma,20,91.92,0.82,14.85,4075,820,8.2,91.92,91.8,25.75,83.6,18.0,66.34849999999999,524.0,Medium Performer
973,Pharma,7,74.44,4.85,-9.72,2316,197,9.39,74.44,51.5,51.4,96.06,6.099999999999994,53.742999999999995,930.0,Low Performer
974,Pharma,3,95.58,3.9,8.25,141,707,7.93,95.58,61.0,58.75,85.86,20.700000000000003,65.4625,566.0,Medium Performer
975,Furniture,19,91.33,7.62,4.29,4272,1850,7.73,91.33,23.799999999999997,78.55,63.0,22.69999999999999,55.9715,883.0,Low Performer
976,Furniture,14,97.21,0.95,0.85,4225,819,3.11,97.21,90.5,95.75,83.62,68.9,88.29249999999999,2.0,Top Performer
977,Pharma,10,73.97,5.64,-6.81,3359,725,1.54,73.97,43.6,65.95,85.5,84.6,68.4535,411.0,Medium Performer
978,Apparel,24,87.79,0.69,0.23,1032,1517,5.66,87.79,93.1,98.85,69.66,43.4,80.0855,59.0,Top Performer
979,Food,20,87.97,1.79,-1.14,3493,459,2.12,87.97,82.1,94.3,90.82,78.8,85.90299999999999,10.0,Top Performer
980,Food,14,80.6,3.9,-2.43,2583,532,9.66,80.6,61.0,87.85,89.36,3.4000000000000057,62.22349999999999,704.0,Medium Performer
981,Food,12,83.75,3.91,8.27,743,1904,3.61,83.75,60.9,58.650000000000006,61.92,63.9,68.1195,427.0,Medium Performer
982,Furniture,2,71.14,5.64,7.52,4170,1387,8.68,71.14,43.6,62.400000000000006,72.26,13.200000000000003,51.467999999999996,963.0,Low Performer
983,Furniture,23,92.38,7.33,4.73,205,995,4.49,92.38,26.700000000000003,76.35,80.1,55.099999999999994,64.8715,588.0,Medium Performer
984,Apparel,8,86.48,5.29,13.47,3638,667,3.91,86.48,47.1,32.64999999999999,86.66,60.9,63.4625,658.0,Medium Performer
985,Food,22,71.73,7.65,-1.25,1862,606,9.42,71.73,23.5,93.75,87.88,5.799999999999997,51.4045,965.0,Low Performer
986,Food,16,90.42,7.11,-3.9,4164,109,4.27,90.42,28.89999999999999,80.5,97.82,57.300000000000004,67.668,459.0,Medium Performer
987,Pharma,2,84.0,4.88,6.4,1457,625,4.51,84.0,51.2,68.0,87.5,54.900000000000006,67.93,443.0,Medium Performer
988,Furniture,13,71.03,6.75,-5.03,1266,957,1.95,71.03,32.5,74.85,80.86,80.5,64.8475,589.0,Medium Performer
989,Food,8,99.09,5.32,-2.12,1460,1591,7.03,99.09,46.8,89.4,68.18,29.700000000000003,67.595,463.0,Medium Performer
990,Apparel,16,98.47,1.09,-4.38,3547,565,3.6,98.47,89.1,78.1,88.7,64.0,85.201,12.0,Top Performer
991,Apparel,22,85.39,6.05,-8.27,4422,287,6.27,85.39,39.5,58.650000000000006,94.26,37.300000000000004,61.17550000000001,741.0,Medium Performer
992,Food,20,72.81,1.21,10.69,4890,1726,6.32,72.81,87.9,46.550000000000004,65.47999999999999,36.8,64.7085,597.0,Medium Performer
993,Furniture,2,92.64,4.96,-3.64,601,1732,7.47,92.64,50.4,81.8,65.36,25.299999999999997,64.258,613.0,Medium Performer
994,Apparel,18,84.76,5.77,1.83,3444,1659,7.71,84.76,42.300000000000004,90.85,66.82,22.900000000000006,60.8925,748.0,Medium Performer
995,Pharma,18,79.07,1.0,-8.92,1226,500,5.63,79.07,90.0,55.4,90.0,43.7,72.27099999999999,254.0,Medium Performer
996,Apparel,4,84.74,2.23,7.48,4784,264,3.98,84.74,77.7,62.599999999999994,94.72,60.2,75.749,148.0,Medium Performer
997,Electronics,13,85.67,7.37,-1.74,4382,390,8.54,85.67,26.299999999999997,91.3,92.2,14.600000000000009,58.111,832.0,Low Performer
998,Electronics,7,86.88,5.12,8.62,1047,901,3.79,86.88,48.8,56.900000000000006,81.98,62.1,67.417,470.0,Medium Performer
999,Furniture,12,83.24,2.35,0.31,4126,551,5.57,83.24,76.5,98.45,88.98,44.3,76.62249999999999,127.0,Medium Performer
1000,Food,4,88.17,5.68,-5.11,2781,1297,4.61,88.17,43.2,74.45,74.06,53.9,66.6045,509.0,Medium Performer
