Supplier_ID,Product_Category,Lead_Time_Days,On_Time_Delivery_%,Defect_Rate_%,Price_Variance_%,Order_Quantity,Distance_KM,Supplier_Risk_Score,Delivery_Score,Quality_Score,Cost_Score,Logistics_Score,Risk_Adjusted_Score,Supplier_Final_Score,Rank,Category,Supplier_Final_Score_AHP,Rank_AHP,Cost_Heavy_Score,Simulated_Delay,Stress_Score
1,Furniture,13,75.05,7.39,4.92,4441,118,8.94,75.05,26.10000000000001,75.4,97.64,10.600000000000009,52.23400000000001,953.0,Low Performer,56.11338137776203,949.0,57.97400000000001,15.042446162035754,49.17688845949107
2,Pharma,13,89.28,3.22,2.54,2209,1899,9.63,89.28,67.8,87.3,62.02,3.6999999999999886,63.77099999999999,640.0,Medium Performer,69.88584764267989,466.0,68.728,18.50791782562165,60.568020543594585
3,Food,5,92.78,5.94,14.4,3298,1217,2.73,92.78,40.599999999999994,28.0,75.66,72.7,64.29,610.0,Medium Performer,65.26114193548386,690.0,54.947,7.547987053674738,74.63300323658132
4,Pharma,17,85.01,7.21,7.09,3781,1984,7.46,85.01,27.900000000000006,64.55,60.32,25.400000000000006,53.272499999999994,938.0,Low Performer,57.57832156445705,925.0,55.01650000000001,17.241923542156584,55.26701911446086
5,Pharma,5,86.27,3.92,-0.61,3879,1401,6.98,86.27,60.8,96.95,71.98,30.19999999999999,68.86149999999999,395.0,Medium Performer,73.01517043601558,305.0,75.0745,5.116289564103185,68.0384276089742
6,Apparel,6,98.54,3.83,10.0,1677,1231,4.09,98.54,61.7,50.0,75.38,59.1,71.845,269.0,Medium Performer,74.33831378943637,249.0,65.951,7.476595945454056,77.9658510136365
7,Food,6,95.42,5.02,12.11,3522,1404,1.17,95.42,49.800000000000004,39.45,71.92,88.3,71.8455,268.0,Medium Performer,72.21579723502305,342.0,63.2885,9.28051522982585,81.05987119254354
8,Food,9,97.43,4.94,-6.87,77,382,7.21,97.43,50.599999999999994,65.65,92.36,27.900000000000006,66.5425,514.0,Medium Performer,70.86319522627909,404.0,66.00450000000001,10.908260419109428,66.25543489522263
9,Food,11,94.41,6.55,-4.99,2035,982,9.51,94.41,34.5,75.05,80.36,4.900000000000006,57.2215,859.0,Low Performer,63.24416956162117,762.0,60.8205,10.385844886220472,55.85603877844488
10,Pharma,18,73.27,4.07,-4.59,4203,1530,6.69,73.27,59.3,77.05,69.4,33.099999999999994,61.9235,715.0,Medium Performer,64.69113106463429,715.0,65.3865,19.418873593812148,61.56278160154696
11,Furniture,10,74.47,7.97,7.28,1571,1632,4.92,74.47,20.299999999999997,63.6,67.36,50.8,53.85199999999999,924.0,Low Performer,55.61324667375635,959.0,55.57,12.405328328926924,58.29116791776826
12,Food,23,85.8,0.95,5.08,346,210,5.73,85.8,90.5,74.6,95.8,42.699999999999996,77.67499999999998,100.0,Medium Performer,80.04047110953562,87.0,77.355,28.704931171394197,72.57376720715145
13,Pharma,20,77.38,0.52,5.47,2231,858,2.8,77.38,94.8,72.65,82.84,72.0,80.4955,49.0,Top Performer,80.57693163180903,75.0,78.9475,21.18364945763051,80.74908763559237
14,Apparel,15,84.3,5.3,13.52,3452,518,7.75,84.3,47.0,32.400000000000006,89.64,22.5,55.364,900.0,Low Performer,58.64364972232069,903.0,49.939,16.122627918661134,59.41934302033472
15,Furniture,9,81.83,2.74,9.4,2346,1355,7.72,81.83,72.6,53.0,72.9,22.799999999999997,62.499,695.0,Medium Performer,66.09584896608767,652.0,60.145999999999994,9.033177609798482,67.04920559755038
16,Apparel,10,86.48,2.3,-6.8,2647,284,2.31,86.48,77.0,66.0,94.32,76.9,79.906,62.0,Medium Performer,80.1089563511757,85.0,76.763,14.28234236770759,81.52441440807311
17,Furniture,23,92.41,2.84,-1.31,951,220,8.9,92.41,71.6,93.45,95.6,11.0,71.4005,288.0,Medium Performer,76.64961002008742,179.0,76.71950000000001,23.760034175250404,62.812491456187395
18,Pharma,12,91.46,2.42,0.88,1148,513,3.42,91.46,75.8,95.6,89.74,65.8,82.862,24.0,Top Performer,84.66990407656857,22.0,85.756,13.284493910596119,79.94387652235096
19,Electronics,24,85.64,0.73,-0.1,1727,1936,9.84,85.64,92.7,99.5,61.28,1.5999999999999943,70.24,331.0,Medium Performer,76.28625151837409,190.0,76.86099999999999,26.432386000685025,63.37690349982874
20,Furniture,2,94.67,7.79,6.73,2931,1151,4.45,94.67,22.099999999999994,66.35,76.98,55.5,62.676500000000004,689.0,Medium Performer,65.48986912442395,679.0,62.59949999999999,1.7576171009938433,67.62809572475155
21,Apparel,15,82.93,2.16,12.3,4916,712,2.6,82.93,78.4,38.5,85.76,74.0,73.63,204.0,Medium Performer,73.53520964197094,282.0,65.417,15.40975408554655,79.98006147861337
22,Pharma,6,96.9,6.01,-2.35,1428,1587,4.17,96.9,39.900000000000006,88.25,68.26,58.3,70.7685,308.0,Medium Performer,73.98031341131986,265.0,73.8185,8.673765119143846,71.60655872021404
23,Furniture,22,72.14,6.22,3.8,1298,51,4.96,72.14,37.800000000000004,81.0,98.98,50.4,63.22,670.0,Medium Performer,64.33197383906415,729.0,67.796,21.079133496120797,59.8152166259698
24,Electronics,15,98.64,7.47,9.74,3785,324,1.62,98.64,25.299999999999997,51.3,93.52,83.8,69.724,355.0,Medium Performer,70.45335297175941,435.0,64.66499999999999,15.109073094520898,73.15773172636978
25,Electronics,5,89.64,0.73,0.41,4291,797,6.2,89.64,92.7,97.95,84.06,38.0,80.7655,44.0,Top Performer,84.28685416518964,27.0,84.85650000000001,4.667454226220741,78.91813644344481
26,Food,23,81.4,7.04,-5.8,1314,338,6.38,81.4,29.599999999999994,71.0,93.24,36.2,59.034,801.0,Low Performer,61.76972889046437,824.0,61.803999999999995,27.1831868229362,55.00420329426595
27,Food,24,75.91,4.45,1.87,1957,1050,7.65,75.91,55.5,90.65,79.0,23.5,62.845499999999994,685.0,Medium Performer,66.43440465555949,638.0,69.43450000000001,37.850288262078195,54.264927934480454
28,Apparel,2,84.38,5.24,-8.62,1108,292,1.26,84.38,47.599999999999994,56.900000000000006,94.16,87.4,72.645,235.0,Medium Performer,72.03015186104217,354.0,68.837,2.346922311389171,79.25826942215271
29,Furniture,23,75.84,5.33,13.56,2799,952,5.87,75.84,46.7,32.2,80.96000000000001,41.3,55.613,893.0,Low Performer,57.23321089448186,929.0,50.06900000000001,27.90710577663019,58.98322355584246
30,Furniture,24,74.99,6.65,-8.13,2098,267,1.48,74.99,33.5,59.349999999999994,94.66,85.2,66.2805,525.0,Medium Performer,65.18771887037694,695.0,64.7165,24.981853267838453,67.17703668304038
31,Food,20,88.52,3.0,0.96,4298,584,7.31,88.52,70.0,95.2,88.32,26.900000000000006,72.54799999999999,241.0,Medium Performer,76.67205884438143,176.0,77.89099999999999,23.75352782083091,65.41661804479227
32,Furniture,9,85.69,6.0,3.25,2526,583,1.5,85.69,40.0,83.75,88.34,85.0,74.1035,195.0,Medium Performer,74.27755961243057,250.0,76.03450000000001,13.012290551425707,74.41942736214358
33,Furniture,16,90.1,4.46,14.63,4066,621,9.21,90.1,55.4,26.849999999999994,87.58,7.8999999999999915,55.24549999999999,903.0,Low Performer,59.821741250147696,877.0,48.4405,19.657310040442155,58.435672489889456
34,Electronics,22,97.89,6.45,-5.85,4653,1052,7.32,97.89,35.5,70.75,78.96000000000001,26.799999999999997,62.110499999999995,709.5,Medium Performer,66.95967125132931,610.0,63.3565,35.77978836107352,56.102552909731614
35,Food,16,85.97,7.93,-7.14,3247,1562,5.57,85.97,20.700000000000003,64.30000000000001,68.76,44.3,56.34700000000001,874.0,Low Performer,59.370008105872614,886.0,57.36,23.23033507937821,56.93491623015545
36,Pharma,10,87.43,2.0,-9.78,4636,846,4.97,87.43,80.0,51.1,83.08,50.300000000000004,72.262,255.0,Medium Performer,74.24846839182322,253.0,67.224,11.827367309110134,76.47565817272248
37,Food,22,72.69,7.96,-6.11,3603,432,2.18,72.69,20.400000000000006,69.45,91.36,78.2,62.100500000000004,711.0,Medium Performer,61.55459113789436,829.0,63.7915,25.934533347394694,61.33886666315132
38,Pharma,10,91.53,1.17,-4.82,4490,1499,3.62,91.53,88.3,75.9,70.02,63.8,80.681,46.0,Top Performer,82.69921748788845,46.0,79.103,15.261846275247262,82.09203843118819
39,Electronics,11,82.0,0.52,5.76,1811,1406,8.82,82.0,94.8,71.2,71.88,11.799999999999997,68.52799999999999,409.0,Medium Performer,73.01582526290913,304.0,69.238,13.502116266881504,68.77447093327963
40,Apparel,21,99.3,0.83,-4.51,270,767,9.14,99.3,91.7,77.45,84.66,8.599999999999994,74.5185,180.0,Medium Performer,80.35067663948952,78.0,75.0635,31.117470553141235,67.12063236171468
41,Furniture,22,94.7,3.06,-9.49,4868,772,1.01,94.7,69.4,52.55,84.56,89.9,80.0785,60.0,Top Performer,80.12072295876166,84.0,73.15350000000001,35.21279229655733,79.69680192586068
42,Electronics,10,85.67,5.25,10.67,4673,1114,6.35,85.67,47.5,46.65,77.72,36.5,59.6455,781.0,Low Performer,62.58243755169561,796.0,56.2085,11.591561264351782,64.51960968391205
43,Furniture,4,73.7,1.02,-0.86,2938,1584,7.47,73.7,89.8,95.7,68.32,25.299999999999997,70.807,307.0,Medium Performer,74.24958629327661,252.0,76.82199999999999,5.081564292748013,70.929608926813
44,Apparel,21,95.78,0.54,-1.16,1714,1581,6.57,95.78,94.6,94.2,68.38,34.3,80.21199999999999,56.0,Top Performer,84.70017168852652,21.0,83.02899999999998,29.316017575178794,73.84099560620531
45,Apparel,12,93.99,7.53,-2.44,4036,433,1.74,93.99,24.700000000000003,87.8,91.34,82.6,73.196,219.0,Medium Performer,74.21521895308993,255.0,75.99199999999999,16.242000093654045,71.26199997658648
46,Electronics,7,75.54,6.66,14.38,4626,438,2.96,75.54,33.400000000000006,28.099999999999994,91.24,70.4,58.43100000000001,819.0,Low Performer,57.956745362164725,918.0,51.307,9.4646870260887,67.46882824347783
47,Apparel,3,78.86,6.57,-5.75,3027,1421,3.25,78.86,34.3,71.25,71.58,67.5,63.5785,654.0,Medium Performer,64.55761323407775,722.0,64.85249999999999,2.799915703693359,69.46502107407666
48,Pharma,8,93.8,7.13,12.46,1921,1954,8.49,93.8,28.700000000000003,37.699999999999996,60.92,15.099999999999994,50.081999999999994,983.0,Low Performer,55.31393144275079,962.0,46.052,8.24253323494112,57.33936669126472
49,Apparel,19,75.56,5.75,9.42,1512,1742,5.17,75.56,42.5,52.9,65.16,48.3,57.403999999999996,851.0,Low Performer,59.19888349285124,889.0,55.88799999999999,20.917985320423483,61.36050366989413
50,Furniture,3,97.53,1.28,-8.09,394,1703,5.38,97.53,87.2,59.55,65.94,46.2,75.82549999999999,147.0,Medium Performer,79.28131033912325,105.0,71.3125,4.328652482081205,81.6503368794797
51,Furniture,18,82.74,3.49,14.67,94,213,9.41,82.74,65.1,26.650000000000006,95.74,5.900000000000006,55.848499999999994,889.0,Low Performer,59.77816471700342,878.0,49.354499999999994,17.15265033434321,59.14683741641419
52,Furniture,12,72.61,5.92,-3.22,2118,205,6.73,72.61,40.8,83.9,95.9,32.69999999999999,60.698,753.0,Medium Performer,63.06852518019614,773.0,66.542,18.055744097229216,57.01356397569269
53,Furniture,13,94.47,2.6,-7.54,1564,737,9.09,94.47,74.0,62.3,85.26,9.099999999999994,66.53199999999998,515.0,Medium Performer,71.82379305210918,363.0,65.38999999999999,17.627568696604573,64.98560782584886
54,Pharma,20,81.21,5.66,10.73,2648,294,5.11,81.21,43.4,46.349999999999994,94.12,48.9,61.357499999999995,735.0,Medium Performer,62.836149403284885,783.0,57.89149999999999,28.616920898891095,61.223269775277224
55,Food,23,85.79,0.68,7.67,1051,205,2.34,85.79,93.2,61.65,95.9,76.6,83.1945,21.0,Top Performer,83.19451487652131,36.0,78.4555,23.324147844673007,83.06646303883176
56,Electronics,8,73.37,2.8,5.43,1083,316,9.37,73.37,72.0,72.85,93.68,6.300000000000011,61.5665,728.0,Medium Performer,65.42717244475953,681.0,64.8845,9.715683780304207,60.48857905492395
57,Furniture,21,70.08,4.62,-6.1,2090,1697,5.13,70.08,53.8,69.5,66.06,48.7,61.245,738.0,Medium Performer,62.76377173579109,786.0,63.012,26.45555970175153,61.53111007456212
58,Apparel,7,89.14,5.24,1.96,323,23,2.63,89.14,47.599999999999994,90.2,99.54,73.7,76.866,121.0,Medium Performer,77.84346224742998,144.0,79.92699999999999,8.75695380283177,75.42076154929205
59,Furniture,22,85.46,4.83,9.51,2697,1870,3.72,85.46,51.7,52.45,62.6,62.8,65.2505,574.0,Medium Performer,66.86976752924494,616.0,61.469500000000004,27.700892563725553,68.06477685906862
60,Apparel,2,87.81,5.73,-2.41,1829,1179,1.46,87.81,42.699999999999996,87.95,76.42,85.4,74.9325,163.0,Medium Performer,75.53767155854896,211.0,77.3365,2.289389407841955,78.40515264803952
61,Apparel,18,93.81,0.55,-2.21,4526,1971,5.21,93.81,94.5,88.95,60.58,47.9,80.74849999999999,45.0,Top Performer,84.30856774193549,26.0,82.0375,22.086745491829173,78.5308136270427
62,Furniture,12,89.4,1.26,-9.92,528,1090,8.68,89.4,87.4,50.4,78.2,13.200000000000003,66.69000000000001,506.0,Medium Performer,71.2547909724684,386.0,62.8,16.88055349215645,68.27986162696088
63,Pharma,23,75.24,7.02,-5.64,565,732,9.4,75.24,29.80000000000001,71.8,85.36,6.0,50.528000000000006,981.0,Low Performer,54.90527316554413,968.0,55.574000000000005,22.234043381171904,47.201489154707026
64,Apparel,19,80.82,5.61,11.89,4336,789,9.39,80.82,43.9,40.55,84.22,6.099999999999994,50.945499999999996,976.0,Low Performer,55.25424837528063,963.0,48.473499999999994,28.67879045184053,50.53530238703987
65,Apparel,22,97.18,1.35,1.04,1241,1243,2.13,97.18,86.5,94.8,75.14,78.7,88.25299999999999,3.0,Top Performer,89.91283166725746,2.0,89.23499999999999,30.72035540802117,82.91491114799472
66,Furniture,18,93.1,6.82,14.61,2718,538,4.44,93.1,31.799999999999997,26.950000000000003,89.24,55.599999999999994,59.966499999999996,772.0,Low Performer,61.796291338768754,822.0,51.6765,18.125273186340003,65.593681703415
67,Apparel,8,86.7,2.32,-0.11,1461,807,1.25,86.7,76.8,99.45,83.86,87.5,86.0135,9.0,Top Performer,86.24811194611839,12.0,89.01849999999999,10.214137669528514,85.19646558261788
68,Apparel,18,77.67,4.09,7.88,3330,353,8.7,77.67,59.1,60.6,92.94,13.0,59.059999999999995,800.0,Low Performer,62.71940574264445,790.0,59.80800000000001,24.845395594168963,56.23115110145776
69,Furniture,21,79.06,1.59,-2.95,321,1748,4.23,79.06,84.1,85.25,65.03999999999999,57.699999999999996,75.5745,151.0,Medium Performer,77.2979865532317,159.0,77.6285,20.011768039680128,75.21205799007997
70,Furniture,10,91.96,5.83,-0.9,192,1644,6.68,91.96,41.7,95.5,67.12,33.2,65.69,557.0,Medium Performer,70.25162157627318,447.0,71.849,12.083956866753201,63.6940107833117
71,Electronics,18,95.54,5.5,-5.23,3382,1312,7.43,95.54,45.0,73.85,73.76,25.700000000000003,63.50550000000001,656.0,Medium Performer,68.35627753751623,542.0,65.18650000000001,21.317344916993978,61.230663770751505
72,Pharma,21,90.14,2.08,-1.32,837,218,4.87,90.14,79.2,93.4,95.64,51.3,80.676,47.0,Top Performer,83.14060924022213,37.0,83.81699999999998,22.48856172147104,74.53785956963225
73,Pharma,23,94.29,6.98,3.68,1731,650,3.76,94.29,30.19999999999999,81.6,87.0,62.400000000000006,69.257,380.0,Medium Performer,71.56803667730118,376.0,71.518,28.024841449114458,64.71628963772139
74,Apparel,23,93.0,3.51,14.79,672,1368,9.66,93.0,64.9,26.05000000000001,72.64,3.4000000000000057,55.9765,882.0,Low Performer,61.316989790854315,835.0,48.471500000000006,24.838681750571162,59.11532956235721
75,Pharma,9,74.49,2.69,6.61,3891,1321,9.68,74.49,73.1,66.94999999999999,73.58,3.200000000000003,58.662499999999994,812.0,Low Performer,63.138993690180776,767.0,60.7885,13.273752724147327,59.379061818963166
76,Apparel,18,82.72,1.64,-5.02,3726,261,3.6,82.72,83.6,74.9,94.78,64.0,79.22899999999998,70.0,Medium Performer,80.0582388514711,86.0,78.55699999999999,19.344080443221323,77.74397988919466
77,Electronics,8,74.59,2.5,-8.88,2622,1298,5.32,74.59,75.0,55.599999999999994,74.03999999999999,46.8,66.231,529.0,Medium Performer,67.74900909842844,572.0,63.80199999999999,10.867166304021053,71.38070842399473
78,Furniture,2,77.06,0.67,-6.84,3310,280,9.76,77.06,93.3,65.8,94.4,2.4000000000000057,66.233,528.0,Medium Performer,70.40744660285951,437.0,66.902,1.737845444951934,67.75553863876203
79,Furniture,14,96.08,4.87,4.06,4762,1957,1.04,96.08,51.3,79.7,60.86,89.6,77.61,101.0,Medium Performer,78.74036289731774,117.0,76.89699999999999,16.346932549220107,80.15826686269497
80,Furniture,24,84.19,6.82,9.13,116,929,4.71,84.19,31.799999999999997,54.349999999999994,81.42,52.9,60.08149999999999,768.0,Medium Performer,61.962665272362045,817.0,58.29750000000001,28.85909355528652,60.00772661117837
81,Pharma,20,86.06,4.62,13.51,4336,1733,1.9,86.06,53.8,32.45,65.34,81.0,66.8695,501.0,Medium Performer,67.02086142030012,607.0,58.0135,23.222835797537876,74.40929105061554
82,Electronics,20,75.35,2.14,-9.6,4666,428,5.58,75.35,78.6,52.0,91.44,44.2,68.03899999999999,434.0,Medium Performer,69.3479801016188,498.0,64.764,22.414726811218433,68.93381829719539
83,Pharma,18,79.37,0.75,3.07,1190,1759,1.22,79.37,92.5,84.65,64.82,87.8,83.6755,15.0,Top Performer,83.45514522037102,32.0,83.65350000000001,19.19694590875756,85.11826352281061
84,Pharma,14,76.91,2.11,1.77,2364,804,4.66,76.91,78.9,91.15,83.92,53.4,75.54249999999999,152.0,Medium Performer,77.0902220725511,165.0,79.4665,18.91271418404173,72.57432145398957
85,Electronics,17,76.19,3.62,6.4,2582,1244,2.99,76.19,63.8,68.0,75.12,70.1,70.539,315.0,Medium Performer,70.89284877702941,403.0,69.82499999999999,23.798156707324292,71.57296082316893
86,Electronics,9,89.14,6.2,3.99,3630,1398,5.8,89.14,38.0,80.05,72.03999999999999,42.0,63.853500000000004,633.0,Medium Performer,67.33568356374808,594.0,66.9495,10.652110405458028,64.62197239863549
87,Electronics,20,77.71,1.91,7.18,1237,1109,9.96,77.71,80.9,64.1,77.82,0.3999999999999915,61.014999999999986,743.0,Medium Performer,65.74788259482453,669.0,61.998999999999995,19.61344996791344,59.84913750802164
88,Electronics,19,88.96,5.9,6.45,4521,1693,8.2,88.96,41.0,67.75,66.14,18.0,57.3145,855.0,Low Performer,62.25344513765804,807.0,59.0185,29.617007459269946,54.58574813518251
89,Furniture,2,71.75,7.0,-7.07,4798,1354,8.61,71.75,30.0,64.65,72.92,13.900000000000006,48.7945,986.0,Low Performer,52.56248053881602,988.0,52.35450000000001,2.0480810268368477,53.40047974329079
90,Food,15,74.25,3.9,9.99,3389,734,6.72,74.25,61.0,50.05,85.32,32.8,60.1245,767.0,Medium Performer,62.26212038284295,806.0,58.01950000000001,13.621733224550557,63.607066693862365
91,Food,20,78.24,6.66,-6.92,598,442,1.37,78.24,33.400000000000006,65.4,91.16,86.3,68.008,435.0,Medium Performer,67.24939558076332,600.0,67.279,15.949512333920918,70.49762191651978
92,Electronics,16,87.91,4.66,7.46,4137,118,2.86,87.91,53.4,62.7,97.64,71.4,73.172,221.0,Medium Performer,73.82818518255937,271.0,70.68100000000001,19.51824607012051,73.29793848246987
93,Food,19,90.28,5.28,0.4,122,650,9.33,90.28,47.199999999999996,98.0,87.0,6.700000000000003,63.62400000000001,650.0,Medium Performer,69.34565624483044,499.0,71.50099999999999,21.9738177350421,55.55154556623947
94,Food,3,83.28,4.45,2.85,248,1555,4.3,83.28,55.5,85.75,68.9,57.0,70.0115,346.0,Medium Performer,72.15748042065461,346.0,73.2085,4.218573989487804,72.89035650262805
95,Electronics,23,83.37,3.97,12.58,3251,1080,1.93,83.37,60.3,37.1,78.4,80.7,69.631,363.0,Medium Performer,69.36004421599905,496.0,61.664,30.410988991849518,73.48975275203762
96,Food,18,91.74,2.26,12.25,1831,388,7.32,91.74,77.4,38.75,92.24,26.799999999999997,67.2685,478.0,Medium Performer,70.72800827129858,415.0,60.6345,22.644724408506136,68.32381889787347
97,Pharma,19,70.47,2.77,10.45,621,1860,3.7,70.47,72.3,47.75,62.8,63.0,65.2585,573.0,Medium Performer,65.56754864705186,675.0,60.9965,21.768804657241553,71.0002988356896
98,Apparel,7,80.23,2.67,2.75,840,1129,3.42,80.23,73.3,86.25,77.42,65.8,76.23349999999999,134.0,Medium Performer,77.33222280515182,157.0,78.50550000000001,9.953968181076732,77.34400795473081
99,Apparel,20,94.56,4.72,8.41,1688,967,9.98,94.56,52.800000000000004,57.95,80.66,0.19999999999998863,58.3665,823.0,Low Performer,64.36789306392532,728.0,57.85050000000001,31.469559607010133,54.02261009824747
100,Electronics,5,88.1,1.4,2.82,1881,112,8.72,88.1,86.0,85.9,97.76,12.799999999999997,73.151,223.0,Medium Performer,77.7408571901217,146.0,76.581,7.008979199129904,69.97275520021752
101,Furniture,2,80.12,7.38,11.74,1905,901,4.67,80.12,26.200000000000003,41.3,81.98,53.3,55.638999999999996,892.0,Low Performer,57.017614486588684,936.0,51.912,2.214587347660316,64.35135316308492
102,Electronics,9,97.17,5.9,0.07,1224,863,9.82,97.17,41.0,99.65,82.74,1.7999999999999972,62.982499999999995,682.0,Medium Performer,69.67873966678484,481.0,71.0555,12.206817996987915,56.940795500753026
103,Furniture,24,93.18,3.51,14.26,3790,1179,6.85,93.18,64.9,28.700000000000003,76.42,31.5,62.426,698.0,Medium Performer,65.94183830792863,660.0,54.02800000000001,26.869969317757366,65.67750767056066
104,Apparel,8,77.95,1.69,13.31,3327,1913,7.68,77.95,83.1,33.45,61.74,23.200000000000003,59.991499999999995,770.0,Low Performer,63.17913690180787,764.0,53.5715,7.831892294624041,69.104526926344
105,Electronics,4,89.36,7.11,8.54,228,1975,1.28,89.36,28.89999999999999,57.300000000000004,60.5,87.2,66.118,535.0,Medium Performer,66.69044400330851,629.0,62.83699999999999,4.080768750302443,75.34480781242439
106,Pharma,11,87.87,6.68,-3.01,2294,1961,2.09,87.87,33.2,84.95,60.78,79.1,69.3015,378.0,Medium Performer,70.64389712867776,424.0,71.8895,12.41200751089696,71.93949812227575
107,Food,11,82.04,5.91,-6.71,4136,1060,6.7,82.04,40.9,66.45,78.8,33.0,59.28450000000001,789.0,Low Performer,62.45904258537162,799.0,60.67550000000001,13.428711293719797,60.62782217657005
108,Furniture,20,81.01,2.54,11.37,784,1765,9.09,81.01,74.6,43.150000000000006,64.7,9.099999999999994,57.715500000000006,841.0,Low Performer,62.14987292922132,810.0,54.0595,32.242324610301836,58.11691884742454
109,Food,15,80.31,3.52,-5.87,848,539,6.61,80.31,64.8,70.65,89.22,33.89999999999999,66.5925,510.0,Medium Performer,69.30836575682382,502.0,67.75649999999999,15.354931573164396,65.9137671067089
110,Food,3,88.51,1.27,11.36,837,688,2.21,88.51,87.3,43.2,86.24,77.9,79.06200000000001,74.0,Medium Performer,79.15368075150656,109.0,70.59100000000001,4.394093093814797,87.3289767265463
111,Electronics,2,83.27,1.92,2.27,2845,1978,2.04,83.27,80.8,88.65,60.44,79.6,80.4425,51.0,Top Performer,81.24345442514473,64.0,81.82549999999999,2.2730961793229723,85.34922595516926
112,Food,24,94.96,6.37,0.16,4354,998,8.6,94.96,36.3,99.2,80.03999999999999,14.0,63.24699999999999,668.0,Medium Performer,69.06877728937728,509.0,71.076,19.12135206026235,56.53466198493441
113,Pharma,24,90.09,5.86,12.58,4638,1115,2.25,90.09,41.4,37.1,77.7,77.5,66.212,532.0,Medium Performer,66.755340352121,622.0,58.678000000000004,26.372515185934375,70.6543712035164
114,Food,19,72.1,4.95,5.1,3134,437,5.68,72.1,50.5,74.5,91.26,43.2,63.196,671.0,Medium Performer,64.77618603332151,709.0,66.20100000000001,27.271448574037223,59.63213785649069
115,Electronics,8,89.21,7.22,4.42,2968,1617,1.33,89.21,27.799999999999997,77.9,67.66,86.7,69.50399999999999,370.0,Medium Performer,70.24294044665011,448.0,70.438,10.151471230926777,73.38963219226831
116,Pharma,9,78.13,4.87,3.97,781,831,1.73,78.13,51.3,80.15,83.38,82.7,73.1645,222.0,Medium Performer,72.91579345385796,310.0,74.6815,11.528012157595121,75.15049696060122
117,Apparel,2,87.78,4.0,-0.72,1179,1512,7.05,87.78,60.0,96.4,69.76,29.5,68.67,402.0,Medium Performer,73.02486177478436,303.0,74.697,2.931401603537752,68.58714959911556
118,Food,24,90.4,3.05,9.64,3496,1799,7.2,90.4,69.5,51.8,64.02000000000001,28.0,64.267,611.0,Medium Performer,68.36171485288905,541.0,60.712,23.825585813108507,66.01860354672287
119,Electronics,4,76.92,7.55,-3.68,1655,1195,4.07,76.92,24.5,81.6,76.1,59.3,60.911,746.0,Medium Performer,62.36498584426326,803.0,65.34899999999999,3.9585996559261996,64.19035008601846
120,Apparel,24,83.71,1.12,13.47,3828,1872,2.94,83.71,88.8,32.64999999999999,62.56,70.6,72.5865,238.0,Medium Performer,73.12344653196266,297.0,62.775499999999994,17.934102675377165,81.29397433115571
121,Apparel,9,75.71,7.48,12.35,2795,941,8.32,75.71,25.19999999999999,38.25,81.18,16.799999999999997,46.2285,997.0,Low Performer,49.58614838709676,997.0,44.207499999999996,12.378747728237013,51.33281306794075
122,Furniture,23,71.57,6.7,-1.56,3220,1435,2.95,71.57,33.0,92.2,71.3,70.5,64.781,592.0,Medium Performer,65.32613898144865,686.0,70.889,30.187427474696175,61.22064313132596
123,Pharma,16,81.35,1.47,8.24,4739,1541,5.88,81.35,85.3,58.8,69.18,41.2,69.708,358.0,Medium Performer,72.1931129859388,345.0,67.008,21.516692862691563,71.5833267843271
124,Food,6,80.89,4.74,4.33,2983,1071,9.71,80.89,52.599999999999994,78.35,78.58,2.8999999999999915,57.6075,844.0,Low Performer,62.7376429871204,787.0,62.4135,5.780386531131864,57.65240336721703
125,Electronics,4,99.86,7.0,-1.56,1265,1988,2.33,99.86,30.0,92.2,60.24,76.7,72.652,234.0,Medium Performer,75.1809851352948,218.0,75.77099999999999,3.516600835264118,75.76084979118397
126,Furniture,20,83.39,4.79,14.71,374,520,9.47,83.39,52.1,26.44999999999999,89.6,5.299999999999997,52.029500000000006,956.0,Low Performer,56.23310308401276,947.0,46.1105,18.72152676626667,55.51711830843334
127,Pharma,2,80.01,7.3,-9.37,1900,402,2.65,80.01,27.0,53.150000000000006,91.96000000000001,73.5,62.6215,691.0,Medium Performer,62.6547590688881,793.0,60.225500000000004,2.030971091056518,69.61975722723588
128,Furniture,16,87.41,7.57,-3.68,1540,722,6.11,87.41,24.299999999999997,81.6,85.56,38.9,60.873999999999995,750.0,Medium Performer,64.22600035448421,734.0,65.29299999999999,24.172668508521134,56.60933287286972
129,Pharma,9,72.66,3.67,3.0,943,503,4.39,72.66,63.3,85.0,89.94,56.1,70.587,313.0,Medium Performer,71.50107659222498,378.0,74.351,12.600228102808503,69.86494297429788
130,Pharma,3,98.85,3.33,3.05,1440,1233,9.68,98.85,66.7,84.75,75.34,3.200000000000003,67.2165,480.0,Medium Performer,73.77501684981685,274.0,70.7865,3.3250676156278076,66.35623309609305
131,Food,4,89.05,7.52,4.72,3439,1288,3.46,89.05,24.80000000000001,76.4,74.24,65.4,64.879,587.0,Medium Performer,66.82231378943638,618.0,66.744,5.0394015946079875,68.55264960134801
132,Pharma,15,92.65,5.56,8.79,4289,1212,4.6,92.65,44.400000000000006,56.050000000000004,75.76,54.0,65.6785,558.0,Medium Performer,68.21158293749262,551.0,62.703500000000005,15.964913261556783,68.77127168461081
133,Furniture,15,75.11,1.37,5.59,4529,556,9.85,75.11,86.3,72.05,88.88,1.5,64.1035,621.0,Medium Performer,68.4250331797235,540.0,66.6125,19.092839282344972,60.95429017941376
134,Pharma,12,82.28,0.82,5.01,2313,603,5.83,82.28,91.8,74.95,87.94,41.7,76.01050000000001,140.0,Medium Performer,78.33809162235613,132.0,76.0975,11.668570229419204,76.02785744264519
135,Food,17,82.68,4.73,-8.66,3482,398,5.52,82.68,52.699999999999996,56.7,92.04,44.800000000000004,64.648,601.0,Medium Performer,66.64609587616685,632.0,62.845,22.950854916311368,64.30728627092216
136,Food,5,94.65,7.48,-0.59,2421,1431,3.32,94.65,25.19999999999999,97.05,71.38,66.80000000000001,69.75049999999999,354.0,Medium Performer,72.37651875221552,335.0,75.0955,5.1502967024156066,70.3749258243961
137,Furniture,21,70.04,6.83,-4.2,3136,1765,7.31,70.04,31.700000000000003,79.0,64.7,26.900000000000006,52.637,949.0,Low Performer,55.81204967505613,955.0,58.50300000000001,28.58484311988126,50.013789220029686
138,Apparel,6,79.03,5.57,-3.37,4362,167,1.13,79.03,44.3,83.15,96.66,88.7,74.6625,172.0,Medium Performer,73.89456518964906,269.0,76.73949999999999,6.687092510166789,76.3357268724583
139,Apparel,23,99.44,1.54,3.86,1565,1037,1.45,99.44,84.6,80.7,79.26,85.5,88.113,4.0,Top Performer,89.23194633108825,4.0,85.804,23.96565061344794,86.39358734663801
140,Pharma,22,84.25,2.41,-5.01,2967,176,6.39,84.25,75.9,74.95,96.48,36.1,72.3605,251.0,Medium Performer,75.08967956989247,222.0,73.3255,33.49718555589848,65.68820361102539
141,Electronics,15,81.48,7.07,-2.65,2402,1501,4.08,81.48,29.299999999999997,86.75,69.98,59.2,63.6195,652.0,Medium Performer,65.60261325771003,673.0,68.3965,18.530838554681296,62.86229036132967
142,Pharma,24,73.59,1.87,-4.07,1217,969,9.58,73.59,81.3,79.65,80.62,4.200000000000003,63.25150000000001,666.0,Medium Performer,67.58963431407304,582.0,67.5475,27.25352941896692,57.95911764525826
143,Furniture,17,99.22,2.59,13.71,160,418,9.13,99.22,74.1,31.44999999999999,91.64,8.699999999999989,63.912499999999994,628.0,Medium Performer,69.01827765567765,510.0,56.140499999999996,22.977806248394295,64.76054843790142
144,Furniture,19,70.6,1.47,13.62,4377,1445,7.42,70.6,85.3,31.900000000000006,71.1,25.799999999999997,59.56,783.0,Low Performer,61.79846579227224,821.0,53.324999999999996,17.708033935615436,65.99799151609614
145,Furniture,8,92.12,5.57,5.25,3705,1237,8.36,92.12,44.3,73.75,75.26,16.400000000000006,60.5795,756.0,Medium Performer,65.73718345740281,670.0,63.08250000000001,11.370981742816573,60.36225456429586
146,Furniture,11,93.06,7.58,13.11,3843,203,7.01,93.06,24.200000000000003,34.45,95.94,29.900000000000006,54.70950000000001,915.0,Low Performer,58.18001302138721,910.0,49.5885,12.893221645901411,58.56669458852465
147,Furniture,8,77.31,2.52,9.65,1805,244,2.13,77.31,74.8,51.75,95.12,78.7,74.9075,165.0,Medium Performer,74.09583131277324,262.0,69.8515,10.561260345069499,80.06218491373262
148,Food,2,90.15,4.07,4.75,1627,727,7.89,90.15,59.3,76.25,85.46000000000001,21.10000000000001,66.07350000000001,538.0,Medium Performer,70.53356001417937,429.0,68.28850000000001,1.7808506155907655,67.1922873461023
149,Apparel,24,72.79,5.26,-9.84,1346,1183,2.89,72.79,47.400000000000006,50.8,76.34,71.1,63.160999999999994,673.0,Medium Performer,63.00237067233841,776.0,60.117,26.96435540096162,66.08141114975959
150,Furniture,22,77.71,8.0,9.31,3824,1192,3.91,77.71,20.0,53.449999999999996,76.16,60.9,56.1265,878.0,Low Performer,57.15999361928394,931.0,55.000499999999995,26.420152613120127,58.04746184671997
151,Electronics,20,93.64,1.29,7.56,2270,1312,8.37,93.64,87.1,62.2,73.76,16.30000000000001,69.833,350.0,Medium Performer,74.7806460829493,234.0,67.739,28.121196854474114,67.22970078638147
152,Electronics,17,95.94,4.24,5.38,1022,825,5.83,95.94,57.599999999999994,73.1,83.5,41.7,70.837,305.0,Medium Performer,74.42150554177005,246.0,70.89799999999998,22.71339761738744,68.13165059565314
153,Electronics,20,88.25,3.39,9.01,1080,413,8.74,88.25,66.1,54.95,91.74,12.599999999999994,62.936499999999995,683.0,Medium Performer,67.33240760959471,595.0,61.1665,22.43009184953033,61.129977037617415
154,Electronics,5,85.21,6.99,2.82,2643,902,2.92,85.21,30.099999999999994,85.9,81.96000000000001,70.8,68.329,416.0,Medium Performer,69.58493831974475,486.0,71.943,6.317947757323381,69.94801306066915
155,Food,19,74.78,4.07,7.6,4042,687,6.47,74.78,59.3,62.0,86.26,35.3,62.245000000000005,702.0,Medium Performer,64.419742786246,725.0,62.43700000000001,27.57496258656253,60.45125935335936
156,Electronics,3,71.89,1.33,13.38,4663,1344,1.75,71.89,86.7,33.099999999999994,73.12,82.5,72.019,258.0,Medium Performer,70.69813756351175,418.0,62.989999999999995,3.4800069099464634,84.40249827251338
157,Furniture,2,73.53,5.26,-0.6,963,77,6.79,73.53,47.400000000000006,97.0,98.46,32.099999999999994,64.72500000000001,594.0,Medium Performer,67.30382561739336,596.0,72.797,2.276454015825877,62.68838649604353
158,Pharma,16,76.82,6.28,7.7,2231,1496,7.86,76.82,37.199999999999996,61.5,70.08,21.39999999999999,52.859,944.0,Low Performer,56.511542289968084,944.0,54.547,13.152945143190678,55.566763714202324
159,Electronics,6,80.25,0.52,1.89,3247,97,6.26,80.25,94.8,90.55,98.06,37.400000000000006,78.6435,81.0,Medium Performer,81.08688354011579,67.0,82.1185,6.865113197588627,76.39622170060284
160,Food,21,81.43,6.94,6.86,1512,226,3.4,81.43,30.599999999999994,65.69999999999999,95.48,66.0,64.682,599.0,Medium Performer,65.38845941155618,682.0,64.849,17.89356643752501,65.03410839061874
161,Food,12,80.39,1.9,9.07,2428,10,1.28,80.39,81.0,54.65,99.8,87.2,79.9845,61.0,Medium Performer,78.77570157154672,114.0,74.46549999999999,14.125596770320303,83.61610080741993
162,Electronics,11,77.17,4.64,-8.86,3504,1168,2.08,77.17,53.6,55.7,76.64,79.2,68.41000000000001,415.0,Medium Performer,68.09799844026941,560.0,65.193,15.373897315134041,73.64902567121649
163,Pharma,3,85.29,3.62,6.17,3603,1730,6.6,85.29,63.8,69.15,65.4,34.0,65.2495,575.0,Medium Performer,68.81776939619519,525.0,65.6605,2.3282163149719106,70.19044592125702
164,Electronics,4,94.76,5.9,-4.33,1357,1384,9.41,94.76,41.0,78.35,72.32,5.900000000000006,58.842499999999994,810.0,Low Performer,65.01259298121234,699.0,62.6915,5.787367059696632,58.96815823507584
165,Food,24,78.39,3.28,6.75,1239,149,2.86,78.39,67.2,66.25,97.02,71.4,74.2365,190.0,Medium Performer,74.17330736145576,257.0,72.7175,27.214928992050247,72.44376775198745
166,Apparel,24,98.27,7.02,1.71,737,627,7.62,98.27,29.80000000000001,91.45,87.46000000000001,23.799999999999997,64.1545,617.0,Medium Performer,69.3647140021269,495.0,69.9375,28.669608637792294,55.80009784055193
167,Furniture,13,96.2,5.98,9.34,4711,142,8.8,96.2,40.199999999999996,53.3,97.16,12.0,59.020999999999994,802.0,Low Performer,64.0387402103273,740.0,57.451,14.29370857163979,58.52657285709005
168,Food,21,74.85,5.36,-6.91,1257,1653,5.69,74.85,46.4,65.45,66.94,43.099999999999994,59.1865,794.0,Low Performer,61.381958241758234,832.0,60.3165,18.004405093295627,61.58639872667609
169,Electronics,6,93.59,6.47,5.66,1944,187,7.02,93.59,35.3,71.7,96.26,29.80000000000001,63.243,669.0,Medium Performer,67.2274733309701,601.0,64.969,6.260412990844511,63.10739675228887
170,Furniture,6,87.24,6.16,-3.04,4972,819,8.34,87.24,38.4,84.8,83.62,16.599999999999994,60.174,766.0,Medium Performer,64.95893255346803,700.0,65.66,9.716892082139381,58.130776979465146
171,Electronics,7,87.0,0.77,11.32,1861,1391,3.35,87.0,92.3,43.4,72.18,66.5,76.203,135.0,Medium Performer,77.18396894718184,163.0,68.243,6.8655363052451674,84.73361592368872
172,Electronics,10,81.73,3.46,13.21,3233,389,3.67,81.73,65.4,33.94999999999999,92.22,63.3,67.8435,447.0,Medium Performer,68.2030398912915,552.0,60.025499999999994,8.8229152765489,75.40177118086278
173,Apparel,3,85.03,7.48,14.91,3847,917,1.01,85.03,25.19999999999999,25.450000000000003,81.66,89.9,61.77250000000001,719.0,Medium Performer,60.969325085667016,843.0,52.6045,3.684774616444262,74.11130634588893
174,Furniture,22,81.92,1.44,9.9,1694,1904,9.67,81.92,85.6,50.5,61.92,3.299999999999997,60.403,761.0,Medium Performer,65.3876448068061,683.0,57.866,26.022583333241805,61.199354166689545
175,Furniture,13,86.19,6.03,8.84,4018,667,9.26,86.19,39.699999999999996,55.8,86.66,7.400000000000006,54.298,920.0,Low Performer,59.11250937019968,892.0,54.483999999999995,14.759342543931314,54.63266436401717
176,Apparel,4,88.84,7.81,-4.61,2766,459,7.88,88.84,21.900000000000006,76.95,90.82,21.200000000000003,56.9915,865.0,Low Performer,61.41809372562921,831.0,61.3425,4.811558354681805,56.782110411329555
177,Food,21,90.23,0.89,-1.6,240,595,1.71,90.23,91.1,92.0,88.1,82.9,89.03399999999999,1.0,Top Performer,89.56820687699397,3.0,89.71100000000001,27.90565096492386,84.08108725876903
178,Electronics,23,85.97,5.62,1.64,1385,472,5.03,85.97,43.8,91.8,90.56,49.699999999999996,69.50699999999999,369.0,Medium Performer,72.00823509393831,355.0,74.595,24.899047440987555,63.64273813975311
179,Pharma,13,91.64,4.01,9.33,4853,999,1.92,91.64,59.900000000000006,53.35,80.02,80.8,74.6315,174.0,Medium Performer,75.17541004371971,219.0,69.1025,16.105466541534803,79.0586333646163
180,Electronics,18,74.24,4.84,12.87,3156,1141,1.14,74.24,51.6,35.650000000000006,77.18,88.6,65.95750000000001,540.0,Medium Performer,64.53839378470991,723.0,58.6535,25.285948783668015,72.28851280408298
181,Electronics,11,76.36,1.14,-5.27,428,131,6.55,76.36,88.6,73.65,97.38,34.5,72.7435,231.0,Medium Performer,74.88331085903344,226.0,73.68249999999999,11.01036493313945,72.11240876671513
182,Food,15,94.56,0.82,13.06,4532,26,9.65,94.56,91.8,34.7,99.48,3.5,67.171,482.0,Medium Performer,72.05661004371972,352.0,59.89,11.03345596818411,69.70663600795397
183,Electronics,24,79.68,5.5,7.39,3879,1229,9.13,79.68,45.0,63.050000000000004,75.42,8.699999999999989,53.89349999999999,923.0,Low Performer,58.44721855134113,907.0,55.850500000000004,32.019880762060396,50.3400298094849
184,Apparel,18,70.69,6.67,5.27,665,336,7.27,70.69,33.3,73.65,93.28,27.30000000000001,55.3675,899.0,Low Performer,57.88354845799361,921.0,59.99850000000001,30.6106652721707,50.16983368195733
185,Apparel,19,74.61,6.37,-5.0,2380,327,1.87,74.61,36.3,75.0,93.46,81.3,68.31400000000001,419.0,Medium Performer,67.67499113789435,576.0,69.973,22.7720523161345,67.35948692096638
186,Furniture,20,76.71,4.58,-8.61,1804,818,3.47,76.71,54.2,56.95,83.64,65.3,66.52950000000001,516.0,Medium Performer,66.93942209618339,611.0,64.27350000000001,24.807728804263824,67.85056779893404
187,Pharma,18,98.72,1.25,4.21,513,1512,3.88,98.72,87.5,78.95,69.76,61.2,82.5495,27.0,Top Performer,85.32860482098546,16.0,81.0325,20.535089640861635,81.72122758978459
188,Electronics,15,87.19,5.66,6.29,1016,1285,7.87,87.19,43.4,68.55,74.3,21.299999999999997,58.979499999999994,805.0,Low Performer,63.40291048091693,755.0,60.735499999999995,22.764182524530778,57.2814543688673
189,Electronics,10,97.98,2.31,-4.73,4317,512,8.22,97.98,76.9,76.35,89.76,17.799999999999997,72.6075,237.0,Medium Performer,77.6984263499941,148.0,73.34450000000001,11.844486134110266,70.20887846647243
190,Food,9,87.25,7.33,3.91,3208,128,4.47,87.25,26.700000000000003,80.45,97.44,55.300000000000004,65.7215,552.0,Medium Performer,67.7364103273071,573.0,68.98649999999999,10.464184511973118,64.69645387200673
191,Apparel,3,84.38,6.79,11.41,3674,1707,4.76,84.38,32.099999999999994,42.95,65.86,52.400000000000006,56.847500000000004,866.0,Low Performer,58.938948505258175,897.0,52.774499999999996,4.146518288561522,66.18337042785961
192,Pharma,14,79.41,5.82,10.88,4988,719,1.4,79.41,41.8,45.599999999999994,85.62,86.0,66.875,500.0,Medium Performer,66.02128930639253,653.0,61.663999999999994,15.444035705848897,72.94149107353778
193,Furniture,8,88.19,7.62,13.18,739,1531,3.6,88.19,23.799999999999997,34.099999999999994,69.38,64.0,57.260000000000005,858.0,Low Performer,58.737192792154076,902.0,50.871,7.544490078278633,67.11137748043035
194,Apparel,10,74.18,0.74,-0.85,2672,1519,5.06,74.18,92.6,95.75,69.62,49.400000000000006,76.60849999999999,128.0,Medium Performer,78.50703091102446,125.0,81.2405,13.764600759091387,75.60384981022716
195,Furniture,23,96.95,6.02,-2.05,2262,54,2.05,96.95,39.800000000000004,89.75,98.92,79.5,78.2895,86.0,Medium Performer,79.52837844735909,96.0,80.5795,24.878882844708126,72.84277928882297
196,Food,23,94.88,2.98,8.74,432,323,5.08,94.88,70.2,56.3,93.54,49.2,73.65299999999999,203.0,Medium Performer,76.1715324825712,194.0,69.455,23.11288387269034,72.79177903182742
197,Food,12,79.53,7.3,0.78,2306,1212,8.68,79.53,27.0,96.1,75.76,13.200000000000003,55.24,904.0,Low Performer,60.03819605340895,867.0,64.497,19.440115580575647,50.07247110485609
198,Electronics,15,98.58,2.5,-7.81,3860,1927,6.23,98.58,75.0,60.95,61.46,37.699999999999996,71.1525,294.0,Medium Performer,75.40150185513411,216.0,67.8495,17.464209590331862,73.45394760241703
199,Pharma,5,94.76,5.94,-2.93,3553,427,1.71,94.76,40.599999999999994,85.35,91.46000000000001,82.9,77.1065,111.0,Medium Performer,78.05341734609476,140.0,78.5255,6.494226082297333,77.94144347942567
200,Furniture,14,89.99,7.08,0.46,1462,565,2.73,89.99,29.200000000000003,97.7,88.7,72.7,72.36200000000001,250.0,Medium Performer,73.8865425262909,270.0,77.808,16.882679074821773,68.75183023129456
201,Apparel,3,73.65,0.81,-2.69,1633,1816,5.27,73.65,91.9,86.55,63.68,47.300000000000004,73.88050000000001,199.0,Medium Performer,75.8712303202174,204.0,76.8655,3.0682083057778025,77.44544792355556
202,Food,24,84.35,3.48,-1.69,421,1111,4.25,84.35,65.2,91.55,77.78,57.5,74.6155,176.0,Medium Performer,76.66068205128204,178.0,78.3555,32.10928137610523,68.7351796559737
203,Electronics,6,85.18,6.22,-2.66,660,335,4.23,85.18,37.800000000000004,86.7,93.3,57.699999999999996,68.879,394.0,Medium Performer,70.70768613966678,416.0,72.926,7.577494780544068,68.27562630486399
204,Electronics,12,76.98,3.91,-8.96,165,1723,5.76,76.98,60.9,55.199999999999996,65.53999999999999,42.400000000000006,61.63300000000001,725.0,Medium Performer,63.850943211627076,743.0,59.81,12.81748840406416,66.86562789898396
205,Furniture,7,72.4,2.5,5.93,496,1390,6.26,72.4,75.0,70.35,72.2,37.400000000000006,65.7225,551.0,Medium Performer,67.92309819213045,567.0,66.9325,9.006466472998873,68.94838338175029
206,Food,19,93.3,2.15,4.93,1441,1449,8.17,93.3,78.5,75.35,71.02,18.299999999999997,69.67949999999999,361.0,Medium Performer,74.75688748670683,235.0,70.5795,20.845621642305993,67.3135945894235
207,Pharma,22,73.66,1.49,6.33,3374,1996,4.07,73.66,85.1,68.35,60.08,59.3,71.4935,286.0,Medium Performer,72.56804109653785,326.0,70.5775,21.540220415522466,74.12994489611938
208,Food,11,87.83,6.93,-5.19,1390,524,8.25,87.83,30.700000000000003,74.05,89.52,17.5,57.5835,845.0,Low Performer,62.1157349166962,812.0,61.20049999999999,10.54753204042533,56.37061698989367
209,Furniture,5,98.09,4.82,-2.61,4560,223,4.05,98.09,51.8,86.95,95.54,59.5,76.8735,120.0,Medium Performer,79.45236665485052,97.0,78.8895,6.2700586209629785,75.77998534475925
210,Furniture,10,96.28,1.07,5.49,2989,1887,1.5,96.28,89.3,72.55,62.26,85.0,85.31750000000001,11.0,Top Performer,86.44959437551695,11.0,81.4845,11.234538140143112,89.83636546496422
211,Food,7,78.33,3.37,4.99,3749,83,5.99,78.33,66.3,75.05,98.34,40.099999999999994,69.1855,383.0,Medium Performer,71.21949384379062,388.0,71.0425,10.502385626661546,68.55690359333461
212,Furniture,3,95.54,3.26,2.66,1123,1596,6.29,95.54,67.4,86.7,68.08,37.1,72.745,230.0,Medium Performer,77.06320945291267,166.0,75.306,3.574225131997226,74.11644371700069
213,Food,18,70.01,1.86,-1.24,4863,1612,9.41,70.01,81.4,93.8,67.75999999999999,5.900000000000006,63.379,659.0,Medium Performer,67.80746638307929,570.0,70.77300000000001,18.7732681435671,59.634182964108234
214,Apparel,6,70.53,3.77,12.82,3619,518,7.53,70.53,62.3,35.900000000000006,89.64,24.700000000000003,56.022999999999996,881.0,Low Performer,58.10130443105282,914.0,51.8,7.3893811663726945,62.53515470840682
215,Food,7,88.08,2.99,-1.51,3200,341,9.26,88.08,70.1,92.45,93.18,7.400000000000006,68.6145,405.0,Medium Performer,73.81071676710387,273.0,74.4215,6.588025749795551,64.74799356255112
216,Food,13,80.94,3.06,1.39,1655,1126,9.18,80.94,69.4,93.05,77.48,8.200000000000003,64.9775,584.0,Medium Performer,69.92496344086021,461.0,71.6135,15.381258774635771,60.789685306341056
217,Furniture,24,81.59,6.04,6.95,4707,697,6.44,81.59,39.6,65.25,86.06,35.599999999999994,59.8905,777.0,Low Performer,62.70171733427863,791.0,61.0215,30.332000527095722,56.61449986822607
218,Furniture,22,86.93,2.17,3.58,2344,666,5.75,86.93,78.3,82.1,86.68,42.5,75.137,157.0,Medium Performer,77.95456233014298,142.0,76.82400000000001,27.26095815359534,70.11726046160118
219,Electronics,11,75.75,5.31,-1.33,3712,1552,6.02,75.75,46.900000000000006,93.35,68.96000000000001,39.800000000000004,63.3085,665.0,Medium Performer,66.1321065106936,651.0,70.0685,16.06615984714347,61.59596003821414
220,Electronics,23,76.35,4.78,0.89,4532,1302,9.8,76.35,52.199999999999996,95.55,73.96000000000001,2.0,58.083499999999994,834.0,Low Performer,63.27033137185394,761.0,66.84849999999999,39.54857877888447,47.75035530527888
221,Apparel,22,84.54,4.76,9.86,4847,1409,7.96,84.54,52.400000000000006,50.7,71.82,20.400000000000006,57.32900000000001,854.0,Low Performer,61.36803263618102,833.0,55.375000000000014,29.354148433901653,56.99646289152459
222,Electronics,7,92.63,5.47,-3.05,1033,1867,1.96,92.63,45.300000000000004,84.75,62.66,80.4,74.1725,193.0,Medium Performer,75.6922454448777,208.0,75.57449999999999,10.050314858899727,77.06992128527507
223,Food,9,88.58,4.61,-6.44,401,1037,8.01,88.58,53.9,67.8,79.26,19.900000000000006,62.12500000000001,708.0,Medium Performer,66.579213423136,633.0,63.137,15.37823278738303,61.75044180315424
224,Furniture,3,78.92,7.09,-2.17,1774,1171,2.53,78.92,29.099999999999994,89.15,76.58,74.7,66.9215,496.0,Medium Performer,67.61699402103272,579.0,71.6695,2.9962644913101144,69.93093387717246
225,Electronics,13,82.91,5.57,11.24,2001,1264,5.03,82.91,44.3,43.8,74.72,49.699999999999996,59.92999999999999,774.0,Low Performer,61.85246524872976,820.0,55.699,15.93963126281502,65.24259218429624
226,Electronics,14,75.12,4.6,-7.78,1329,609,2.89,75.12,54.0,61.1,87.82,71.1,68.203,422.0,Medium Performer,68.09405116388986,561.0,66.656,15.461609710157354,71.18959757246066
227,Apparel,22,72.24,6.72,14.79,1957,1562,7.21,72.24,32.8,26.05000000000001,68.76,27.900000000000006,46.2355,996.0,Low Performer,48.67457695852534,999.0,41.18650000000001,30.107693925148716,50.70807651871282
228,Apparel,8,93.48,5.05,3.53,4898,1085,8.9,93.48,49.5,82.35,78.3,11.0,62.8015,687.0,Medium Performer,68.44044083658277,539.0,66.8985,10.034590271162593,60.98635243220936
229,Food,11,77.96,2.68,14.62,1074,1679,3.61,77.96,73.2,26.900000000000006,66.42,63.9,65.14500000000001,578.0,Medium Performer,65.58701351766513,674.0,55.874,11.399448896211346,75.91513777594716
230,Furniture,14,75.33,2.05,13.47,595,1756,1.74,75.33,79.5,32.64999999999999,64.88,82.6,70.37950000000001,323.0,Medium Performer,69.51179498995627,490.0,61.271499999999996,16.830653885771724,80.14983652855707
231,Apparel,18,90.75,1.64,1.32,4224,334,3.69,90.75,83.6,93.4,93.32,63.1,84.087,14.0,Top Performer,85.87143811887037,15.0,86.357,25.368921862761187,78.0202695343097
232,Electronics,22,88.54,7.25,-5.04,2431,1001,7.05,88.54,27.5,74.8,79.98,29.5,58.555,813.0,Low Performer,62.599269951553815,794.0,61.81099999999999,20.663611623489707,56.21909709412758
233,Furniture,15,89.0,5.83,-5.88,938,1938,3.96,89.0,41.7,70.6,61.24,60.4,65.919,542.0,Medium Performer,68.29018960179604,548.0,66.03399999999999,15.607966333083063,68.87300841672923
234,Furniture,3,76.87,7.53,-4.0,1155,1764,3.5,76.87,24.700000000000003,80.0,64.72,65.0,60.708000000000006,752.0,Medium Performer,62.00899314663831,815.0,64.536,3.0316349489749146,65.88459126275627
235,Electronics,23,76.98,5.02,7.75,2599,726,2.66,76.98,49.800000000000004,61.25,85.48,73.4,67.9595,440.0,Medium Performer,67.91461089448185,568.0,66.3515,29.101424155239783,67.76964396119006
236,Apparel,12,76.62,4.05,-3.18,2040,732,5.48,76.62,59.5,84.1,85.36,45.199999999999996,68.05199999999999,433.0,Medium Performer,70.06270053172634,458.0,71.975,17.377238591075905,65.98569035223102
237,Electronics,2,75.21,0.95,-1.46,4048,286,3.48,75.21,90.5,92.7,94.28,65.2,81.561,36.0,Top Performer,81.97665482689354,53.0,84.795,1.5961062138775954,82.3284734465306
238,Furniture,20,89.67,5.54,1.22,3825,545,7.58,89.67,44.6,93.9,89.1,24.200000000000003,65.88600000000001,545.5,Medium Performer,70.35307411083541,441.0,72.259,24.377594253914335,58.523101436521415
239,Pharma,22,95.44,4.87,12.83,2862,1519,1.69,95.44,51.3,35.849999999999994,69.62,83.1,70.4165,321.0,Medium Performer,71.11114441687344,393.0,61.3225,22.333428843989186,76.87664278900272
240,Pharma,5,91.73,7.93,-5.27,970,1549,6.98,91.73,20.700000000000003,73.65,69.02,30.19999999999999,56.6835,868.0,Low Performer,61.16901283232897,837.0,59.6955,7.005402774829984,58.906149306292505
241,Food,20,93.76,2.29,-9.87,4695,161,3.14,93.76,77.1,50.650000000000006,96.78,68.6,78.3985,84.0,Medium Performer,79.41244036393714,99.0,71.8675,23.05212689771498,79.10196827557127
242,Electronics,22,82.14,4.48,-8.5,2111,964,5.4,82.14,55.199999999999996,57.5,80.72,46.0,64.339,607.0,Medium Performer,66.45672588916459,637.0,62.565000000000005,26.974965331940552,64.09125866701487
243,Electronics,12,89.62,5.38,12.62,4537,1516,3.57,89.62,46.2,36.900000000000006,69.68,64.30000000000001,63.79900000000001,638.0,Medium Performer,65.29375285359801,688.0,56.69200000000001,14.396791211515055,71.43080219712124
244,Food,9,80.63,5.33,6.19,3689,268,7.5,80.63,46.7,69.05,94.64,25.0,60.6855,754.0,Medium Performer,63.942536618220494,741.0,62.8475,12.823593845741721,59.87660153856457
245,Food,12,85.77,4.71,-3.17,3215,333,9.51,85.77,52.9,84.15,93.34,4.900000000000006,61.892500000000005,718.0,Medium Performer,67.0338592461302,606.0,67.2555,19.31671567391468,56.06332108152133
246,Food,5,84.45,6.33,-5.57,4485,1026,9.25,84.45,36.7,72.15,79.48,7.5,54.7805,913.0,Low Performer,59.85281486470519,873.0,58.5555,4.865334670118559,55.94616633247036
247,Furniture,18,75.31,2.04,-2.64,2694,878,6.25,75.31,79.6,86.8,82.44,37.5,71.25699999999999,290.0,Medium Performer,73.66681829138602,277.0,75.231,18.17079797521925,68.55980050619519
248,Electronics,8,81.61,5.94,-7.13,4902,1201,5.16,81.61,40.599999999999994,64.35,75.98,48.4,61.56349999999999,729.0,Medium Performer,63.75200848398912,745.0,61.8225,10.114396644087531,65.12390083897812
249,Furniture,9,98.91,5.15,13.54,1095,697,8.36,98.91,48.5,32.30000000000001,86.06,16.400000000000006,58.529,815.0,Low Performer,63.36749379652606,756.0,51.85300000000001,9.330475773056545,63.61988105673586
250,Food,4,77.46,7.22,9.61,3606,319,7.15,77.46,27.799999999999997,51.95,93.62,28.5,53.0425,941.0,Low Performer,55.70463729174051,957.0,52.8715,5.546867016320219,57.05328324591994
251,Electronics,23,74.01,6.85,1.56,2731,812,2.65,74.01,31.5,92.2,83.76,73.5,66.98400000000001,490.0,Medium Performer,67.26707680491552,598.0,72.77300000000001,32.63294031178795,61.594264922053014
252,Furniture,3,82.56,2.86,11.62,3249,1512,8.39,82.56,71.4,41.900000000000006,69.76,16.099999999999994,59.099000000000004,799.0,Low Performer,63.09394162826421,770.0,54.848,3.272054212652125,66.69698644683697
253,Furniture,24,93.71,2.57,-3.76,988,1089,4.86,93.71,74.3,81.2,78.22,51.4,76.97,117.0,Medium Performer,79.9134770648706,89.0,77.554,25.135021120120918,73.56874471996977
254,Food,16,87.46,7.86,7.93,4993,629,2.7,87.46,21.39999999999999,60.35,87.42,73.0,63.982499999999995,626.0,Medium Performer,64.83275876166843,706.0,62.5865,18.3207071307113,65.88482321732218
255,Electronics,23,90.43,4.45,11.4,491,482,3.54,90.43,55.5,43.0,90.36,64.6,69.41000000000001,373.0,Medium Performer,70.55572281696797,427.0,62.962,28.078483784229885,70.61287905394252
256,Food,23,75.69,7.3,-1.08,2600,1329,3.41,75.69,27.0,94.6,73.42,65.9,64.169,616.0,Medium Performer,65.3364112253338,685.0,70.875,29.048251073517882,59.88543723162053
257,Electronics,6,88.57,1.73,8.94,4275,470,5.67,88.57,82.7,55.300000000000004,90.6,43.3,73.261,214.0,Medium Performer,75.66996197565874,210.0,69.16400000000002,4.496619529140995,77.51834511771474
258,Pharma,2,79.71,5.32,-2.62,646,1357,3.11,79.71,46.8,86.9,72.86,68.9,69.714,357.0,Medium Performer,70.8036392532199,410.0,73.338,2.0130177924599524,73.34924555188502
259,Apparel,5,95.03,6.57,-2.53,1555,823,2.11,95.03,34.3,87.35,83.53999999999999,78.9,74.32050000000001,189.0,Medium Performer,75.76722065461419,206.0,76.6275,5.595900651129416,75.65852483721764
260,Apparel,16,88.88,7.61,-7.32,911,855,2.11,88.88,23.89999999999999,63.4,82.9,78.9,66.219,530.0,Medium Performer,66.92543811887037,612.0,64.871,16.64963413840996,68.7575914653975
261,Apparel,21,75.97,3.03,1.0,2690,1174,6.25,75.97,69.7,95.0,76.52,37.5,69.618,364.0,Medium Performer,72.36371345858443,336.0,75.661,13.168218452117594,67.5004453869706
262,Food,20,71.94,5.94,8.24,3781,676,7.61,71.94,40.599999999999994,58.8,86.48,23.89999999999999,53.98,921.0,Low Performer,56.70660919295757,942.0,55.321,16.446510138581225,54.99837246535469
263,Pharma,4,71.28,4.54,13.51,1601,271,3.89,71.28,54.6,32.45,94.58,61.1,61.579499999999996,727.0,Medium Performer,61.270967151128445,836.0,55.1565,3.7557131795325063,70.80607170511688
264,Electronics,21,81.14,0.95,5.09,3286,1818,1.31,81.14,90.5,74.55,63.64,86.9,81.89349999999999,31.0,Top Performer,81.75565532317144,58.0,79.8195,24.715806356416483,83.45604841089587
265,Furniture,12,77.98,5.67,11.58,1786,1453,2.15,77.98,43.3,42.1,70.94,78.5,63.328,664.0,Medium Performer,63.09736079404466,769.0,57.86,13.353114735644855,71.6067213160888
266,Electronics,18,89.38,5.68,10.56,1499,1777,9.23,89.38,43.2,47.199999999999996,64.46000000000001,7.699999999999989,52.68,948.0,Low Performer,58.04387453621647,917.0,50.637,19.32635130289713,55.23841217427571
267,Furniture,14,84.98,7.48,-5.67,314,1274,5.44,84.98,25.19999999999999,71.65,74.52,45.599999999999994,59.113499999999995,798.0,Low Performer,61.940721682618445,818.0,61.405499999999996,19.03024189021995,59.18743952744501
268,Electronics,12,77.98,4.23,2.15,2709,364,5.08,77.98,57.699999999999996,89.25,92.72,49.2,70.3185,327.0,Medium Performer,72.1028293276616,349.0,75.0255,16.310720795817026,67.14231980104574
269,Pharma,3,74.48,2.23,-7.08,2771,1882,1.34,74.48,77.7,64.6,62.36,86.6,75.01500000000001,160.0,Medium Performer,74.33988517074323,248.0,72.27199999999999,3.6899511920891244,83.77251220197772
270,Furniture,10,73.82,0.83,7.05,1512,779,7.56,73.82,91.7,64.75,84.42,24.400000000000006,68.10549999999999,430.0,Medium Performer,70.83106534325887,408.0,67.86849999999998,12.240240565437317,69.41993985864067
271,Food,3,95.94,3.62,13.75,4302,1794,5.75,95.94,63.8,31.25,64.12,42.5,64.3315,609.0,Medium Performer,67.65147834101381,577.0,55.6725,3.086003669439953,74.78849908264002
272,Electronics,22,77.3,2.76,-6.57,1495,1622,2.82,77.3,72.4,67.15,67.56,71.8,72.4785,246.0,Medium Performer,72.91389961006735,312.0,70.9685,23.157233745111274,74.58569156372218
273,Electronics,10,89.55,6.21,8.35,2348,189,1.99,89.55,37.9,58.25,96.22,80.1,70.7195,310.0,Medium Performer,70.9824162590098,396.0,67.5145,8.584701233749563,74.7413246915626
274,Furniture,10,94.32,3.16,5.81,2975,75,4.45,94.32,68.4,70.95,98.5,55.5,76.98849999999999,115.0,Medium Performer,79.17327380361573,108.0,75.55150000000002,11.498497136443337,76.68037571588917
275,Food,9,88.42,7.62,4.59,1682,829,8.53,88.42,23.799999999999997,77.05,83.42,14.700000000000003,55.31549999999999,902.0,Low Performer,60.27370967741935,858.0,59.9585,12.214334321480154,53.67641641962996
276,Food,18,95.79,7.72,-0.25,2424,1381,8.79,95.79,22.799999999999997,98.75,72.38,12.100000000000009,58.9075,807.0,Low Performer,65.13058260664067,696.0,67.3335,26.475587628388414,51.053603092902904
277,Pharma,2,81.77,5.16,-1.12,562,180,6.43,81.77,48.4,94.4,96.4,35.7,67.571,464.0,Medium Performer,70.54315457875458,428.0,74.069,2.302088056837815,65.89197798579055
278,Food,12,98.69,7.46,-8.87,265,483,7.55,98.69,25.400000000000006,55.650000000000006,90.34,24.5,58.2385,828.0,Low Performer,62.890199101973295,781.0,57.0045,15.580005196823258,58.252498700794185
279,Food,9,73.99,6.21,-4.55,3381,543,2.04,73.99,37.9,77.25,89.14,79.6,68.09349999999999,431.0,Medium Performer,67.63132269880657,578.0,70.2695,5.6592193628498455,71.45769515928754
280,Food,11,73.06,4.6,-9.62,2222,1400,6.29,73.06,54.0,51.900000000000006,72.0,37.1,57.82300000000001,839.0,Low Performer,59.93408762850053,870.0,56.342,12.247557695123469,62.97811057621913
281,Apparel,8,89.76,1.85,4.54,3203,1140,7.0,89.76,81.5,77.3,77.2,30.0,72.618,236.0,Medium Performer,76.56430280042538,182.0,73.527,8.869820191786777,73.09754495205331
282,Pharma,4,98.28,3.94,-7.35,1756,448,2.81,98.28,60.6,63.25,91.03999999999999,71.9,77.6055,102.0,Medium Performer,79.12469460002362,111.0,73.8025,5.992934651380306,81.19676633715491
283,Electronics,4,94.27,4.71,11.83,2156,844,8.92,94.27,52.9,40.85,83.12,10.799999999999997,58.10549999999999,833.0,Low Performer,63.113840363937136,768.0,53.66349999999999,5.114346768737135,63.213913307815716
284,Furniture,19,72.29,6.98,3.08,1617,236,2.75,72.29,30.19999999999999,84.6,95.28,72.5,65.955,541.0,Medium Performer,65.8293505376344,665.0,70.511,24.678170606946306,62.577957348263425
285,Electronics,6,78.38,4.11,7.49,2258,1477,3.82,78.38,58.9,62.55,70.46000000000001,61.800000000000004,67.0275,485.0,Medium Performer,68.12078118870376,559.0,65.6645,7.730793973198791,72.8373015067003
286,Pharma,13,97.91,7.23,0.27,2381,451,6.59,97.91,27.69999999999999,98.65,90.98,34.099999999999994,67.0135,487.0,Medium Performer,71.57572974122651,374.0,73.8625,15.718151104063775,60.997962223984054
287,Furniture,13,77.59,5.56,4.01,2203,405,6.75,77.59,44.400000000000006,79.95,91.9,32.5,62.0595,713.0,Medium Performer,64.82985104572847,707.0,66.4455,19.584149860207734,58.72646253494807
288,Pharma,20,93.44,1.53,13.57,1178,737,7.29,93.44,84.7,32.150000000000006,85.26,27.099999999999994,67.9755,438.0,Medium Performer,71.56326276734019,377.0,59.4715,14.778881808139705,72.61527954796506
289,Food,7,94.75,7.96,-7.93,3560,1614,2.01,94.75,20.400000000000006,60.35,67.72,79.9,65.32950000000001,570.0,Medium Performer,66.70648951908306,628.0,62.9095,8.604694572201584,71.6113263569496
290,Furniture,3,84.86,4.45,-3.65,4373,93,8.65,84.86,55.5,81.75,98.14,13.5,64.1095,620.0,Medium Performer,68.48574207727756,536.0,68.52350000000001,4.277881710983738,62.39552957225407
291,Food,13,81.59,3.44,9.5,3703,1648,5.8,81.59,65.6,52.5,67.03999999999999,42.0,63.855999999999995,631.0,Medium Performer,66.35580526999881,644.0,60.817,10.682377021699113,69.62690574457523
292,Electronics,20,83.5,5.44,-7.53,2415,1584,5.24,83.5,45.599999999999994,62.35,68.32,47.599999999999994,62.1545,705.0,Medium Performer,64.64585759187048,716.0,61.6145,27.351671415089207,62.337082146227694
293,Electronics,6,76.81,1.32,-8.11,4947,1046,9.83,76.81,86.8,59.45,79.08,1.7000000000000028,61.908500000000004,717.0,Medium Performer,66.37079059435187,641.0,61.6925,6.286604110481619,64.7558489723796
294,Furniture,13,96.68,5.27,-0.96,2971,1842,7.66,96.68,47.300000000000004,95.2,63.16,23.400000000000006,66.105,536.0,Medium Performer,71.7019222734255,368.0,71.94200000000001,15.885521414989306,62.87361964625268
295,Furniture,18,83.52,4.24,-7.7,4617,1858,2.06,83.52,57.599999999999994,61.5,62.84,79.4,70.845,304.0,Medium Performer,71.35198142502658,384.0,67.943,18.790706228596463,75.43232344285089
296,Pharma,18,96.47,3.55,4.63,1129,702,7.81,96.47,64.5,76.85,85.96000000000001,21.900000000000006,69.56949999999999,368.0,Medium Performer,74.42895906888809,245.0,70.9725,25.052946035576483,64.45426349110588
297,Pharma,11,73.17,7.65,-4.34,3561,502,1.86,73.17,23.5,78.3,89.96000000000001,81.4,64.84700000000001,590.0,Medium Performer,64.27262727165308,730.0,67.945,12.565603861308153,66.37609903467296
298,Food,24,99.65,4.42,12.39,2791,1301,1.25,99.65,55.8,38.05,73.98,87.5,74.4505,183.0,Medium Performer,75.10011629445823,221.0,64.9305,32.85982491051462,77.52254377237134
299,Furniture,18,83.3,2.14,9.59,3070,1558,4.63,83.3,78.6,52.05,68.84,53.7,70.0715,340.0,Medium Performer,71.84766295639844,362.0,65.53649999999999,23.167187410551627,73.10820314736209
300,Electronics,16,71.43,3.94,7.49,278,1153,9.94,71.43,60.6,62.55,76.94,0.6000000000000085,53.77550000000001,928.0,Low Performer,58.11299886565048,913.0,56.08250000000001,16.659864051011716,53.99253398724707
301,Pharma,13,71.14,7.4,5.42,220,979,2.57,71.14,26.0,72.9,80.42,74.3,61.679,722.0,Medium Performer,61.517561172161166,830.0,64.13,16.904833895028364,63.633791526242916
302,Pharma,17,92.39,1.82,11.59,344,362,7.05,92.39,81.8,42.05,92.76,29.5,69.65050000000001,362.0,Medium Performer,73.00162906770649,308.0,63.256499999999996,18.14386520275671,71.38653369931082
303,Electronics,20,89.77,2.1,-4.42,4334,1090,2.56,89.77,79.0,77.9,78.2,74.4,81.066,41.0,Top Performer,82.17381675528772,52.0,79.999,24.256512375359893,79.72837190616002
304,Pharma,9,94.06,0.6,11.83,475,49,7.52,94.06,94.0,40.85,99.02,24.80000000000001,72.70750000000001,232.0,Medium Performer,76.27997251565637,191.0,65.53150000000001,10.248130149318358,75.65296746267042
305,Food,22,73.16,0.61,9.74,968,1919,5.55,73.16,93.9,51.3,61.62,44.5,68.18,424.0,Medium Performer,69.84886735200283,467.0,64.204,30.359612212110605,70.30009694697235
306,Furniture,18,71.07,6.72,8.7,3303,1369,7.12,71.07,32.8,56.5,72.62,28.799999999999997,51.017999999999994,974.0,Low Performer,53.66031159163417,982.0,52.13099999999999,23.545160174654704,52.281209956336326
307,Electronics,24,85.26,5.99,4.03,548,649,2.83,85.26,40.099999999999994,79.85,87.02,71.7,70.62249999999999,312.0,Medium Performer,71.58650506912441,373.0,72.4765,28.652536566697236,67.1018658583257
308,Furniture,6,81.63,3.16,-3.84,2859,182,7.71,81.63,68.4,80.8,96.36,22.900000000000006,67.925,444.0,Medium Performer,71.42044844617749,381.0,71.357,6.377145867413207,66.63821353314671
309,Pharma,23,83.86,5.74,0.59,875,1580,9.96,83.86,42.599999999999994,97.05,68.4,0.3999999999999915,57.28549999999999,857.0,Low Performer,63.32372109181141,758.0,66.1595,21.762639146778692,51.27434021330532
310,Pharma,17,99.75,3.46,9.84,3829,268,6.99,99.75,65.4,50.8,94.64,30.099999999999994,69.37899999999999,376.0,Medium Performer,73.40757953444405,289.0,64.789,20.86123182558837,68.59719204360292
311,Electronics,7,99.12,7.65,-9.21,1908,1921,5.44,99.12,23.5,53.949999999999996,61.58,45.599999999999994,58.981500000000004,804.0,Low Performer,62.904848918823106,779.0,56.40449999999999,7.514792749587537,65.17630181260311
312,Food,9,98.27,7.75,9.55,2168,526,9.31,98.27,22.5,52.25,89.48,6.8999999999999915,53.27149999999999,939.0,Low Performer,59.00018118870377,894.0,52.424499999999995,7.419606916367114,55.06259827090821
313,Apparel,19,93.52,3.45,-4.0,195,739,1.14,93.52,65.5,80.0,85.22,88.6,82.673,26.0,Top Performer,83.10127425262908,39.0,81.61600000000001,17.745891544214246,82.46852711394644
314,Electronics,13,80.65,6.91,-6.39,4615,532,7.57,80.65,30.900000000000006,68.05,89.36,24.299999999999997,55.9235,885.0,Low Performer,59.39705298357556,884.0,58.7085,19.827275794408465,54.005681051397886
315,Apparel,16,82.36,6.3,-7.11,3627,1927,9.0,82.36,37.0,64.44999999999999,61.46,10.0,51.771499999999996,960.0,Low Performer,56.79415632754342,940.0,54.07549999999999,17.088075568033773,53.06798110799156
316,Apparel,10,86.49,2.82,-9.32,242,848,1.56,86.49,71.8,53.4,83.03999999999999,84.4,77.09100000000001,112.0,Medium Performer,76.89815219189413,171.0,71.312,14.164325555020802,82.1314186112448
317,Food,14,94.92,2.24,3.09,3938,126,5.05,94.92,77.6,84.55,97.48,49.5,80.2065,57.0,Top Performer,82.99067640316672,40.0,81.26950000000001,15.801380763844815,76.5546548090388
318,Apparel,16,72.06,3.94,-4.54,101,193,2.84,72.06,60.6,77.3,96.14,71.6,72.297,253.0,Medium Performer,71.94873616920714,357.0,73.941,23.166648432514602,70.27333789187134
319,Apparel,11,82.73,6.36,14.74,2460,1939,6.1,82.73,36.4,26.299999999999997,61.22,39.0,51.786,959.0,Low Performer,54.45176280278861,974.0,45.00300000000001,15.767760838443632,60.590559790389094
320,Food,17,72.48,7.7,4.36,1870,1907,6.85,72.48,23.0,78.2,61.86,31.5,51.71000000000001,961.0,Low Performer,54.8638750088621,969.0,57.37700000000001,17.592635548537764,52.34684111286556
321,Apparel,8,85.44,6.23,-6.55,3014,1149,3.72,85.44,37.699999999999996,67.25,77.02,62.8,65.4065,567.0,Medium Performer,66.99604338886918,609.0,65.2875,6.419238933107831,69.88019026672303
322,Apparel,18,96.97,6.91,7.22,2571,171,5.14,96.97,30.900000000000006,63.9,96.58,48.6,65.77900000000001,549.0,Medium Performer,68.72027040056717,529.0,64.88700000000001,14.748046282690847,65.4304884293273
323,Apparel,24,93.47,5.02,12.44,1919,1612,3.51,93.47,49.800000000000004,37.800000000000004,67.75999999999999,64.9,65.917,543.0,Medium Performer,67.70004934420417,575.0,58.394999999999996,24.918424781012607,70.81289380474686
324,Electronics,22,76.84,6.77,8.63,2618,1745,4.32,76.84,32.30000000000001,56.849999999999994,65.1,56.8,57.524499999999996,846.0,Low Performer,58.977136287368545,896.0,56.7555,34.71439147245318,57.80640213188671
325,Electronics,23,99.28,6.38,-8.09,1917,552,2.44,99.28,36.2,59.55,88.96000000000001,75.6,71.7825,275.0,Medium Performer,73.2456926858088,295.0,68.17450000000001,25.71141445535632,71.34214638616092
326,Electronics,8,90.02,3.33,12.4,2788,1620,8.97,90.02,66.7,38.0,67.6,10.299999999999997,58.201,829.0,Low Performer,63.14164979321753,766.0,52.949,9.832390320117527,64.29690241997062
327,Food,15,70.31,4.64,9.85,3319,1270,1.09,70.31,53.6,50.75,74.6,89.1,67.38550000000001,473.0,Medium Performer,65.89597419354838,662.0,63.3695,21.910010598610167,72.77499735034746
328,Pharma,16,77.66,6.54,-6.04,3249,848,8.94,77.66,34.599999999999994,69.8,83.03999999999999,10.600000000000009,52.842,945.0,Low Performer,57.10582313600378,933.0,56.775999999999996,19.553028361957402,50.826742909510656
329,Apparel,22,77.82,0.85,-8.71,2629,1099,6.15,77.82,91.5,56.449999999999996,78.02,38.5,70.1905,332.0,Medium Performer,72.33441309228405,338.0,67.1985,26.733920569491406,70.27151985762714
330,Apparel,8,72.08,6.56,3.93,4055,1103,3.98,72.08,34.400000000000006,80.35,77.94,60.2,62.110499999999995,709.5,Medium Performer,63.03943251801961,774.0,66.24249999999999,10.596261110312234,64.02093472242194
331,Food,10,98.79,1.83,-6.1,4985,1842,7.51,98.79,81.7,69.5,63.16,24.900000000000006,71.783,274.0,Medium Performer,76.91997634408604,170.0,70.474,12.577939511019974,73.203015122245
332,Apparel,20,84.35,4.36,10.86,290,456,5.57,84.35,56.4,45.7,90.88,44.3,64.208,614.0,Medium Performer,66.215798322108,648.0,59.878,23.60213157998606,65.36196710500349
333,Electronics,17,96.87,6.56,-1.04,3490,425,5.49,96.87,34.400000000000006,94.8,91.5,45.099999999999994,70.051,342.0,Medium Performer,73.73506773011933,275.0,75.349,17.947072233128697,64.60573194171783
334,Pharma,9,79.67,2.4,12.82,4681,541,1.99,79.67,76.0,35.900000000000006,89.18,80.1,73.22399999999999,216.0,Medium Performer,72.39604695734373,333.0,64.63199999999999,10.94128000355782,81.20717999911054
335,Furniture,19,73.76,2.34,4.14,1457,450,4.51,73.76,76.6,79.3,91.0,54.900000000000006,73.253,215.0,Medium Performer,74.16206777738391,258.0,75.16199999999999,26.958719228915935,69.57532019277102
336,Apparel,24,84.23,3.52,-5.43,3552,747,3.17,84.23,64.8,72.85,85.06,68.3,74.5625,178.0,Medium Performer,75.49330594351883,214.0,74.0545,37.353622017593864,69.99409449560153
337,Electronics,19,73.42,7.21,-6.51,4088,1979,1.14,73.42,27.900000000000006,67.45,60.42,88.6,62.8805,684.0,Medium Performer,62.310581590452564,805.0,63.2035,23.910651237961858,66.50233719050954
338,Furniture,21,84.58,0.5,4.41,132,473,4.24,84.58,95.0,77.95,90.53999999999999,57.599999999999994,81.39049999999999,39.0,Top Performer,82.84807342549924,42.0,80.8925,28.371676767403088,77.20208080814922
339,Pharma,8,97.61,7.26,9.05,3818,1954,1.81,97.61,27.400000000000006,54.75,60.92,81.9,66.8175,502.0,Medium Performer,68.31332298239394,543.0,62.5415,10.031569131460499,74.21960771713488
340,Furniture,4,85.62,1.65,9.54,1000,405,3.31,85.62,83.5,52.300000000000004,91.9,66.9,76.976,116.0,Medium Performer,77.58035675292449,152.0,71.354,4.730136508477118,82.82246587288071
341,Electronics,19,88.49,7.93,-3.11,660,720,1.83,88.49,20.700000000000003,84.45,85.6,81.7,69.2895,379.0,Medium Performer,70.04305629209499,459.0,72.2105,24.7541768987282,66.53395577531795
342,Furniture,11,74.7,7.66,-4.89,4719,1584,1.91,74.7,23.400000000000006,75.55,68.32,80.9,62.6045,692.0,Medium Performer,62.593043696088856,795.0,65.0295,15.816532235487465,65.79586694112814
343,Food,8,71.31,4.21,-9.58,3655,1690,2.79,71.31,57.9,52.1,66.2,72.1,64.723,595.0,Medium Performer,64.57089951553823,721.0,61.512,8.181821062369368,73.28204473440766
344,Furniture,18,73.32,4.35,6.98,4604,1590,10.0,73.32,56.5,65.1,68.2,0.0,52.705999999999996,947.0,Low Performer,57.46287654496041,927.0,55.568999999999996,16.374971871673527,53.36125703208162
345,Apparel,15,87.96,4.11,-8.09,3333,404,1.02,87.96,58.9,59.55,91.92,89.8,77.19749999999999,110.0,Medium Performer,76.73104967505611,175.0,72.8765,16.4009752510906,80.06475618722735
346,Apparel,4,72.85,5.27,0.52,2223,335,6.75,72.85,47.300000000000004,97.4,93.3,32.5,64.12,619.0,Medium Performer,66.73629918468627,626.0,72.325,4.969329554639763,61.92016761134006
347,Food,13,81.28,1.18,5.04,3534,1926,2.27,81.28,88.2,74.8,61.48,77.3,79.262,68.0,Medium Performer,79.80797754933238,91.0,77.81899999999999,17.8616662058152,82.22958344854621
348,Electronics,14,86.5,0.74,13.43,1572,1952,9.29,86.5,92.6,32.849999999999994,60.96,7.1000000000000085,61.543499999999995,730.0,Medium Performer,66.36901079995273,643.0,54.4785,14.029378090404634,68.04265547739885
349,Apparel,3,81.66,0.93,-2.2,2651,1124,1.84,81.66,90.7,89.0,77.52,81.6,84.595,13.0,Top Performer,84.74719406829729,20.0,85.61399999999999,2.106854086425113,87.96328647839371
350,Pharma,4,74.91,3.83,-3.76,2707,759,9.6,74.91,61.7,81.2,84.82,4.0,59.35999999999999,786.0,Low Performer,63.83563800070897,744.0,64.824,4.392441074663187,59.05438973133421
351,Apparel,6,78.21,2.57,6.35,2209,1103,6.5,78.21,74.3,68.25,77.94,35.0,67.06949999999999,484.0,Medium Performer,69.71505036039228,478.0,67.4335,6.967302929210117,70.13567426769747
352,Apparel,12,97.85,5.17,5.48,2499,1199,1.01,97.85,48.3,72.6,76.02,89.9,77.902,95.0,Medium Performer,78.74245572492023,116.0,75.727,11.610543639812548,81.10986409004687
353,Electronics,9,90.28,7.94,-1.7,3880,651,9.05,90.28,20.599999999999994,91.5,86.98,9.5,56.556999999999995,870.0,Low Performer,62.13225227460711,811.0,64.324,9.439036328128838,52.735240917967786
354,Furniture,24,84.88,3.4,13.2,171,223,5.7,84.88,66.0,34.0,95.54,43.0,65.218,576.0,Medium Performer,67.04118556067588,605.0,58.080000000000005,32.96296036841758,65.2292599078956
355,Apparel,24,70.38,4.8,11.12,4418,1885,3.36,70.38,52.0,44.400000000000006,62.3,66.4,60.284000000000006,763.0,Medium Performer,60.426689093701995,855.0,56.205999999999996,29.174976334061277,64.90125591648467
356,Food,13,99.77,3.62,-4.4,1367,1634,7.91,99.77,63.8,78.0,67.32,20.900000000000006,68.49300000000001,410.0,Medium Performer,74.07581590452558,263.0,69.881,16.498617508384225,66.99284562290394
357,Furniture,8,90.14,6.85,-4.02,4543,1368,9.34,90.14,31.5,79.9,72.64,6.599999999999994,55.486000000000004,896.0,Low Performer,61.32225369254402,834.0,60.54700000000001,9.030908429423123,54.80227289264422
358,Pharma,16,79.51,7.27,2.81,2568,1797,5.35,79.51,27.30000000000001,85.95,64.06,46.5,59.2765,790.0,Low Performer,62.04506983339242,814.0,64.8255,16.786846684933355,59.13078832876667
359,Electronics,18,96.38,7.08,9.34,1280,378,3.84,96.38,29.200000000000003,53.3,92.44,61.6,65.773,550.0,Medium Performer,67.7837708141321,571.0,62.255,20.293566374073084,66.72160840648174
360,Pharma,5,77.75,7.81,-8.9,1183,1894,8.1,77.75,21.900000000000006,55.5,62.12,19.0,47.137,990.0,Low Performer,51.166662389223674,992.0,48.41700000000001,6.498880194179692,53.03777995145508
361,Furniture,23,86.32,0.71,7.33,1351,1617,7.14,86.32,92.9,63.35,67.66,28.60000000000001,71.1095,297.0,Medium Performer,74.8357615030131,229.0,69.0725,20.7399270278304,71.7700182430424
362,Furniture,14,89.08,6.8,6.21,4084,1710,9.0,89.08,32.0,68.95,65.8,10.0,53.6465,933.0,Low Performer,59.17193935956517,890.0,56.4285,21.420476727529632,52.414880818117595
363,Furniture,19,76.63,6.14,-4.21,1960,58,7.23,76.63,38.6,78.95,98.84,27.69999999999999,59.905499999999996,776.0,Low Performer,62.777623112371494,785.0,64.7175,24.984462283593132,54.48638442910171
364,Pharma,2,99.35,2.22,7.03,1555,1085,3.19,99.35,77.8,64.85,78.3,68.1,80.4325,52.0,Top Performer,82.4849988183859,49.0,76.1725,2.185647958283714,85.76608801042906
365,Furniture,17,92.45,7.67,13.5,3235,1322,9.38,92.45,23.299999999999997,32.5,73.56,6.199999999999989,47.031,992.0,Low Performer,52.41665407066052,989.0,42.81100000000001,23.165584200814102,49.69610394979647
366,Pharma,14,86.73,1.61,-8.83,1966,1823,1.94,86.73,83.9,55.85,63.54,80.6,77.8455,96.0,Medium Performer,78.30090067352003,134.0,72.1175,20.222577387804705,82.75185565304882
367,Furniture,11,75.42,5.6,-2.01,4965,1659,3.41,75.42,44.0,89.95,66.82,65.9,66.9805,491.0,Medium Performer,68.1210862578282,558.0,71.93350000000001,12.473256290874634,68.21168592728134
368,Food,13,71.62,2.19,0.95,3598,1272,5.68,71.62,78.1,95.25,74.56,43.2,71.3945,289.0,Medium Performer,73.45315049036985,286.0,77.2175,15.036879546610841,69.47078011334729
369,Furniture,3,79.6,3.74,12.48,2807,142,6.09,79.6,62.599999999999994,37.599999999999994,97.16,39.1,62.706,688.0,Medium Performer,64.41287633226987,726.0,57.181,4.496084528083803,69.20097886797905
370,Pharma,24,92.6,5.89,14.06,2006,1008,1.14,92.6,41.1,29.700000000000003,79.84,88.6,68.214,421.0,Medium Performer,68.0891138603332,562.0,58.409000000000006,38.97108070520687,70.83222982369827
371,Apparel,4,78.08,4.72,1.1,228,795,8.03,78.08,52.800000000000004,94.5,84.1,19.700000000000003,63.149,674.0,Medium Performer,67.1045163417228,604.0,70.616,4.823548526054486,61.439112868486376
372,Furniture,11,86.19,3.71,8.75,946,1199,4.25,86.19,62.9,56.25,76.02,57.5,69.1215,384.0,Medium Performer,70.85464057662767,406.0,65.7325,10.651928436404257,73.98451789089893
373,Apparel,3,91.84,2.95,3.29,1601,1407,4.66,91.84,70.5,83.55,71.86,53.4,75.5755,150.0,Medium Performer,78.43434087203119,129.0,76.90650000000001,3.3176387070452646,78.10559032323869
374,Food,24,73.24,6.8,3.44,541,382,8.28,73.24,32.0,82.8,92.36,17.200000000000003,55.068,908.0,Low Performer,58.57666014415691,904.0,61.843999999999994,33.758475573452166,47.17038110663695
375,Electronics,14,90.56,1.58,-3.05,110,1838,4.41,90.56,84.2,84.75,63.24,55.9,78.43450000000001,83.0,Medium Performer,81.17085964787898,65.0,79.3235,13.915397171161375,79.18615070720965
376,Food,14,72.76,3.73,-4.58,1127,1511,1.43,72.76,62.7,77.1,69.78,85.7,73.186,220.0,Medium Performer,72.52945040765687,327.0,73.91,16.216807040674748,76.23579823983131
377,Furniture,19,98.95,7.28,-2.8,2945,1788,2.59,98.95,27.200000000000003,86.0,64.24000000000001,74.1,70.62899999999999,311.0,Medium Performer,73.09714186458703,298.0,72.869,23.911822549440192,69.08454436263995
378,Apparel,4,84.65,6.84,3.91,4210,488,9.6,84.65,31.599999999999994,80.45,90.24,4.0,55.1865,905.0,Low Performer,60.41293650005908,857.0,61.0315,4.061828250873866,54.04704293728153
379,Apparel,8,74.52,3.51,-9.27,3733,841,1.63,74.52,64.9,53.650000000000006,83.18,83.7,71.6865,279.0,Medium Performer,70.66811868131867,421.0,67.53450000000001,11.354295299001723,77.94142617524957
380,Pharma,15,80.27,6.22,12.68,635,659,4.19,80.27,37.800000000000004,36.6,86.82,58.099999999999994,59.323,787.0,Low Performer,60.184129386742285,862.0,53.821,20.081902545613122,64.02202436359673
381,Apparel,21,82.4,6.67,-6.09,4010,1624,5.53,82.4,33.3,69.55,67.52000000000001,44.699999999999996,59.1695,796.0,Low Performer,61.939038378825465,819.0,60.9395,33.640092820006224,56.689976794998444
382,Pharma,18,92.75,7.17,-4.5,3820,691,5.44,92.75,28.299999999999997,77.5,86.18,45.599999999999994,64.263,612.0,Medium Performer,67.49999801488833,589.0,66.793,24.413259225087977,60.559185193728005
383,Electronics,22,92.3,4.58,2.96,584,1668,1.04,92.3,54.2,85.2,66.64,89.6,78.604,82.0,Medium Performer,79.39211338768759,101.0,79.224,22.172085603509426,78.48197859912264
384,Furniture,13,88.36,2.03,7.75,3512,697,5.51,88.36,79.7,61.25,86.06,44.900000000000006,73.2065,218.0,Medium Performer,75.69056433888692,209.0,70.3905,16.978959558363897,73.99526011040902
385,Pharma,17,73.18,2.41,-7.61,4061,1333,4.45,73.18,75.9,61.949999999999996,73.34,55.5,68.6555,404.0,Medium Performer,69.61112541651896,484.0,67.1575,23.75927368995391,70.20518157751152
386,Electronics,13,74.55,2.72,-2.06,3448,91,9.75,74.55,72.8,89.7,98.18,2.5,64.338,608.0,Medium Performer,68.67045021859859,531.0,71.05799999999999,18.3026449167259,57.88683877081853
387,Apparel,16,72.81,4.95,14.22,2205,96,2.43,72.81,50.5,28.89999999999999,98.08,75.7,63.751000000000005,641.0,Medium Performer,62.52011222970579,797.0,55.94,16.714105126749644,70.57397371831259
388,Apparel,11,87.32,0.75,-3.44,1054,234,4.19,87.32,92.5,82.8,95.32,58.099999999999994,82.893,23.0,Top Performer,84.50519898381188,23.0,83.19099999999999,11.228057054817954,81.67298573629552
389,Electronics,8,96.31,5.27,-2.17,2549,25,4.78,96.31,47.300000000000004,89.15,99.5,52.199999999999996,74.4805,181.0,Medium Performer,77.36073137185394,156.0,77.7045,7.776580609425581,72.0083548476436
390,Apparel,21,83.01,3.23,10.91,376,831,4.52,83.01,67.7,45.45,83.38,54.800000000000004,67.9435,441.0,Medium Performer,69.28008587971168,503.0,62.6075,31.93987437538324,68.39253140615419
391,Electronics,6,74.83,2.71,-8.74,4753,1391,6.99,74.83,72.9,56.3,72.18,30.099999999999994,62.357,699.0,Medium Performer,65.01939217771475,698.0,60.98400000000001,7.947454588610445,67.4706363528474
392,Pharma,2,86.74,7.1,1.62,2756,172,2.94,86.74,29.0,91.9,96.56,70.6,70.833,306.0,Medium Performer,72.00077168852653,356.0,75.55900000000001,2.0715125503165157,71.06712186242086
393,Pharma,18,94.35,3.95,-0.51,51,1643,2.99,94.35,60.5,97.45,67.14,70.1,78.7815,78.0,Medium Performer,81.10399877112134,66.0,82.3065,22.057880179525633,75.72302995511859
394,Electronics,4,92.25,1.21,-2.09,1083,1701,7.56,92.25,87.9,89.55,65.97999999999999,24.400000000000006,74.56049999999999,179.0,Medium Performer,79.4311465437788,98.0,77.6305,4.7010501492791805,74.9622374626802
395,Pharma,14,96.44,6.7,-2.86,2531,523,5.5,96.44,33.0,85.7,89.53999999999999,45.0,67.99100000000001,437.0,Medium Performer,71.568150419473,375.0,71.58699999999999,14.076771886896086,65.09080702827598
396,Pharma,15,78.34,0.86,-7.72,174,359,4.74,78.34,91.4,61.4,92.82,52.599999999999994,75.364,153.0,Medium Performer,76.40570202056008,187.0,72.61,18.10855183186981,76.05786204203255
397,Pharma,19,75.82,5.95,-2.13,1154,1942,2.52,75.82,40.5,89.35,61.16,74.8,67.34949999999999,474.0,Medium Performer,68.07786205837172,563.0,71.8725,23.52464209333767,66.89883947666559
398,Food,5,96.39,6.3,-8.92,2749,690,2.69,96.39,37.0,55.4,86.2,73.1,69.71700000000001,356.0,Medium Performer,71.11754465319626,392.0,65.653,7.931253094651899,74.63968672633703
399,Furniture,19,89.73,3.14,9.52,1911,1497,1.09,89.73,68.6,52.400000000000006,70.06,89.1,76.755,126.0,Medium Performer,76.77916674937966,173.0,70.377,20.30838740208816,81.78040314947796
400,Apparel,6,79.33,6.69,-0.04,2970,1860,1.82,79.33,33.099999999999994,99.8,62.8,81.8,69.684,360.0,Medium Performer,70.37732409311118,438.0,75.966,5.148720810965593,72.2703197972586
401,Food,17,92.27,4.37,1.1,178,1870,6.01,92.27,56.3,94.5,62.6,39.900000000000006,70.17099999999999,334.0,Medium Performer,74.34033749261489,247.0,75.03399999999999,16.833557299789675,67.90911067505257
402,Pharma,2,94.45,3.97,12.34,487,1408,9.03,94.45,60.3,38.3,71.84,9.700000000000003,58.278999999999996,826.0,Low Performer,63.537340493914684,752.0,52.994,2.042941030627111,65.60176474234322
403,Electronics,22,88.45,0.84,6.45,4896,1125,3.58,88.45,91.6,67.75,77.5,64.2,80.1875,58.0,Top Performer,81.66042644452321,60.0,77.10249999999999,24.52152042545526,79.93211989363618
404,Pharma,15,90.64,2.68,-9.8,2598,190,3.95,90.64,73.2,51.0,96.2,60.5,74.862,166.0,Medium Performer,76.19366068769939,193.0,69.313,14.860488812618572,77.36987779684536
405,Furniture,16,81.26,7.48,13.58,3179,752,2.04,81.26,25.19999999999999,32.099999999999994,84.96000000000001,79.6,59.909,775.0,Low Performer,59.504557249202406,882.0,52.963,21.830790418620605,66.05730239534483
406,Pharma,10,86.16,3.44,-4.07,1271,1334,4.5,86.16,65.6,79.65,73.32,55.0,72.5275,243.0,Medium Performer,74.79268821930758,232.0,73.8115,9.76793447398104,74.24801638150474
407,Electronics,16,85.72,4.6,-7.31,951,669,1.33,85.72,54.0,63.45,86.62,86.7,74.73549999999999,169.0,Medium Performer,74.48731265508684,242.0,71.8185,19.264057498557538,76.78898562536061
408,Furniture,18,95.44,4.49,9.2,3218,1825,9.26,95.44,55.099999999999994,54.0,63.5,7.400000000000006,58.337,825.0,Low Performer,64.23793174997046,733.0,56.467999999999996,28.800691860679827,57.284827034830045
409,Pharma,5,95.2,4.93,2.51,4536,1222,7.06,95.2,50.7,87.45,75.56,29.400000000000006,67.7885,452.5,Medium Performer,72.50482871322227,329.0,71.7535,6.553568271763623,67.1866079320591
410,Furniture,13,94.98,0.96,0.84,3968,1892,9.92,94.98,90.4,95.8,62.16,0.7999999999999972,71.83999999999999,270.0,Medium Performer,78.58202708259482,121.0,76.942,16.771968230452135,67.35200794238698
411,Apparel,6,70.33,3.22,-3.76,1117,1895,8.95,70.33,67.8,81.2,62.1,10.5,58.539,814.0,Low Performer,62.70170717239749,792.0,63.831,9.428779440894193,59.800305139776455
412,Apparel,6,92.49,5.92,3.69,76,1347,5.26,92.49,40.8,81.55,73.06,47.400000000000006,66.9655,493.0,Medium Performer,70.34194160463193,442.0,69.6165,8.694779477084367,67.9988051307289
413,Pharma,12,92.76,2.0,-3.14,597,502,5.68,92.76,80.0,84.3,89.96000000000001,43.2,78.109,94.0,Medium Performer,81.27598322108,63.0,79.533,15.75629848164625,75.05092537958843
414,Furniture,7,90.35,2.03,12.54,2718,932,2.72,90.35,79.7,37.300000000000004,81.36,72.8,75.321,155.0,Medium Performer,75.9319826775375,202.0,66.12100000000001,7.964982410077742,83.72125439748056
415,Electronics,8,92.69,0.58,-4.62,616,1955,5.16,92.69,94.2,76.9,60.9,48.4,78.662,80.0,Medium Performer,81.93013203355783,54.0,77.64300000000001,9.56369780033633,81.4315755499159
416,Pharma,15,95.26,3.78,12.11,753,137,9.13,95.26,62.2,39.45,97.26,8.699999999999989,61.5115,733.0,Medium Performer,66.36908058608059,642.0,56.33050000000001,17.786088397001382,62.093477900749654
417,Apparel,12,84.11,7.12,3.99,4330,1552,1.46,84.11,28.799999999999997,80.05,68.96000000000001,85.4,68.4165,414.0,Medium Performer,68.85222923313245,521.0,70.3055,13.43657868582694,71.21835532854325
418,Apparel,14,85.06,0.89,10.71,3190,1459,8.77,85.06,91.1,46.449999999999996,70.82,12.300000000000011,64.80250000000001,591.0,Medium Performer,69.17918189767222,505.0,60.41649999999999,17.39370223327219,67.76657444168195
419,Pharma,3,73.74,1.93,7.82,1640,1592,4.07,73.74,80.7,60.9,68.16,59.3,70.108,338.0,Medium Performer,70.93440007089683,398.0,67.914,3.8104486182285937,77.48238784544286
420,Furniture,8,81.56,2.83,7.42,4993,574,9.1,81.56,71.7,62.9,88.52,9.0,62.480000000000004,696.0,Medium Performer,66.75505180196147,623.0,62.86900000000001,7.608594452546838,63.66285138686329
421,Apparel,21,89.3,5.99,-1.89,4744,1220,9.47,89.3,40.099999999999994,90.55,75.6,5.299999999999997,59.0175,803.0,Low Performer,64.9217186576864,701.0,65.9275,32.054578499841654,50.66135537503958
422,Furniture,5,93.41,5.3,-4.15,855,559,7.04,93.41,47.0,79.25,88.82,29.599999999999994,66.46249999999999,520.0,Medium Performer,70.65432392768521,422.0,69.1415,6.409797513073281,65.90005062173168
423,Apparel,9,76.52,3.62,-4.73,3841,462,6.98,76.52,63.8,76.35,90.76,30.19999999999999,65.47449999999999,565.0,Medium Performer,68.19382696443341,553.0,68.3925,10.32699066848889,65.04825233287778
424,Apparel,21,74.13,6.19,11.43,1407,480,5.07,74.13,38.099999999999994,42.85,90.4,49.3,57.091499999999996,863.0,Low Performer,58.06375443696088,916.0,53.8785,26.128939110663723,58.85026522233407
425,Food,23,89.89,5.07,10.51,3275,997,8.52,89.89,49.3,47.45,80.06,14.800000000000011,57.3755,853.0,Low Performer,61.97185830083894,816.0,54.6715,31.879696899329563,55.52757577516761
426,Apparel,22,70.06,7.22,1.01,3668,747,9.65,70.06,27.799999999999997,94.95,85.06,3.5,51.4165,964.0,Low Performer,55.90533132458938,952.0,61.8355,19.946579784622074,45.35335505384448
427,Electronics,20,75.35,6.64,-6.69,2176,1598,7.98,75.35,33.60000000000001,66.55,68.03999999999999,20.19999999999999,51.8315,958.0,Low Performer,55.58073586198746,961.0,54.9165,23.579757094079014,51.39256072648024
428,Pharma,14,70.87,2.4,-0.44,2510,1944,6.6,70.87,76.0,97.8,61.12,34.0,67.843,448.0,Medium Performer,70.76090228051518,412.0,74.81599999999999,13.479603830385468,66.84759904240363
429,Pharma,15,75.01,2.54,5.48,595,233,6.46,75.01,74.6,72.6,95.34,35.400000000000006,68.657,403.0,Medium Performer,70.73063525936429,414.0,70.176,25.97101146292686,64.75974713426828
430,Furniture,11,75.44,1.44,1.36,2778,163,8.65,75.44,85.6,93.2,96.74,13.5,70.38600000000001,322.0,Medium Performer,74.10236570955927,261.0,76.52700000000002,13.504009305090952,65.25899767372727
431,Apparel,12,81.63,3.03,9.5,3784,569,5.87,81.63,69.7,52.5,88.62,41.3,66.911,497.0,Medium Performer,68.98682826420891,513.0,63.69800000000001,11.573410445761183,70.2641473885597
432,Electronics,3,82.07,8.0,14.94,2612,360,8.23,82.07,20.0,25.299999999999997,92.8,17.69999999999999,46.236,995.0,Low Performer,49.6135532553468,996.0,41.204,5.759680068418435,53.502579982895384
433,Furniture,10,96.23,3.54,-5.22,2129,1180,5.58,96.23,64.6,73.9,76.4,44.2,72.584,239.0,Medium Performer,76.15816079404466,195.0,72.301,10.927962842439221,73.52550928939019
434,Food,18,85.3,2.15,1.49,2691,1938,1.56,85.3,78.5,92.55,61.24,84.4,82.10150000000002,29.0,Top Performer,82.7977599669148,45.0,83.9365,20.847312294925654,81.83817192626859
435,Furniture,4,91.7,6.22,0.77,3164,1609,4.46,91.7,37.800000000000004,96.15,67.82,55.4,69.2445,381.0,Medium Performer,72.37998390641616,334.0,74.6445,4.6905614080117095,70.05235964799706
436,Furniture,7,73.12,4.57,-2.39,1976,358,5.0,73.12,54.3,88.05,92.84,50.0,68.0025,436.0,Medium Performer,69.3654245303084,494.0,73.0855,7.21286572080335,67.55178356979917
437,Apparel,6,76.76,1.62,-5.05,666,191,2.27,76.76,83.8,74.75,96.18,77.3,80.26850000000002,55.0,Top Performer,79.76545525227459,92.0,79.48750000000001,7.496822420995372,82.59079439475116
438,Food,6,91.09,3.36,-8.36,3694,646,1.92,91.09,66.4,58.2,87.08,80.8,77.525,103.0,Medium Performer,77.91753226988064,143.0,72.696,4.5471118003679685,83.43572204990801
439,Furniture,23,71.58,3.61,12.18,1253,1027,5.82,71.58,63.9,39.1,79.46000000000001,41.8,59.620000000000005,782.0,Low Performer,60.93561044546851,846.0,54.997,32.59513256123554,61.171216859691114
440,Electronics,16,84.6,6.15,0.5,1809,188,1.77,84.6,38.5,97.5,96.24,82.3,75.714,149.0,Medium Performer,76.01389278033793,200.0,80.714,15.591024413640893,72.45224389658978
441,Electronics,24,87.98,0.66,2.42,2615,1072,3.73,87.98,93.4,87.9,78.56,62.7,83.325,20.0,Top Performer,85.11228632872505,18.0,84.30199999999999,26.806456692910505,79.31838582677237
442,Pharma,18,88.06,2.52,12.92,3224,781,7.7,88.06,74.8,35.400000000000006,84.38,23.0,63.466,657.0,Medium Performer,67.02048136594588,608.0,56.85000000000001,24.305470825270184,65.38863229368246
443,Food,10,70.69,4.38,9.41,3131,903,9.68,70.69,56.2,52.95,81.94,3.200000000000003,52.033500000000004,955.0,Low Performer,55.92902528654141,951.0,52.584500000000006,11.591077963387768,54.62473050915305
444,Food,4,79.66,2.52,-6.74,2680,1036,7.46,79.66,74.8,66.3,79.28,25.400000000000006,65.551,562.0,Medium Performer,68.86167278742762,518.0,65.83500000000001,4.669161802321899,68.79770954941952
445,Pharma,21,89.09,5.21,4.14,3211,1025,9.93,89.09,47.9,79.3,79.5,0.7000000000000028,58.687,811.0,Low Performer,64.59242471936666,720.0,63.20800000000001,20.94927474053496,54.185181314866256
446,Furniture,18,74.47,4.11,1.06,4371,73,7.29,74.47,58.9,94.7,98.54,27.099999999999994,66.54499999999999,513.0,Medium Performer,69.42662824057662,493.0,73.738,29.144333582893623,57.83141660427659
447,Food,11,90.86,3.21,9.93,719,38,3.64,90.86,67.9,50.35,99.24,63.6,74.4295,185.0,Medium Performer,75.53133902871322,212.0,68.8385,14.369261240854499,76.99768468978638
448,Electronics,4,92.38,7.62,8.11,3218,381,7.05,92.38,23.799999999999997,59.45,92.38,29.5,57.719500000000004,840.0,Low Performer,61.5938552522746,828.0,57.70649999999999,3.9337720413846666,60.43655698965383
449,Electronics,19,99.46,5.24,7.26,2171,1556,7.32,99.46,47.599999999999994,63.7,68.88,26.799999999999997,63.541,655.0,Medium Performer,68.5640946236559,534.0,62.614999999999995,23.477093295019834,62.595726676245036
450,Apparel,19,76.3,1.47,-1.49,4128,106,4.35,76.3,85.3,92.55,97.88,56.5,79.18549999999999,71.0,Medium Performer,80.18616261373033,82.0,82.9755,18.41682162032502,74.92079459491875
451,Food,18,94.75,4.7,10.12,4201,1903,1.16,94.75,53.0,49.400000000000006,61.94,88.4,72.959,227.0,Medium Performer,73.60728330379298,279.0,66.29400000000001,27.800691458362017,77.0873271354095
452,Furniture,4,85.61,6.36,-8.69,769,1475,7.33,85.61,36.4,56.550000000000004,70.5,26.700000000000003,55.6555,891.0,Low Performer,59.55737239749497,880.0,55.249500000000005,4.959710368566837,60.93757240785828
453,Pharma,4,81.2,5.81,-6.01,2650,1236,1.2,81.2,41.900000000000006,69.95,75.28,88.0,70.4555,319.0,Medium Performer,70.1692454448777,452.0,69.8305,4.019562777674347,76.77010930558141
454,Pharma,7,73.67,1.79,-1.61,3648,1444,6.68,73.67,82.1,91.95,71.12,33.2,70.1705,335.0,Medium Performer,73.02999350112253,302.0,75.4285,9.376627029873482,69.89834324253162
455,Furniture,14,92.07,7.79,-8.08,4719,1002,2.47,92.07,22.099999999999994,59.6,79.96000000000001,75.3,65.142,579.0,Medium Performer,66.33562857142856,645.0,62.985,16.02138811826472,68.36215297043381
456,Apparel,16,77.08,3.87,-4.13,716,30,6.09,77.08,61.3,79.35,99.4,39.1,68.1115,429.0,Medium Performer,70.17691029185868,450.0,71.25349999999999,15.07766830232806,65.60058292441799
457,Pharma,10,81.14,1.69,10.75,333,1584,5.54,81.14,83.1,46.25,68.32,44.6,67.8065,450.0,Medium Performer,69.90948271298593,462.0,62.5575,12.76209266780042,74.01947683304991
458,Food,5,71.88,1.85,13.71,3953,744,1.12,71.88,81.5,31.44999999999999,85.12,88.8,72.9285,228.0,Medium Performer,70.95337381543187,397.0,63.515499999999996,6.352841834137894,83.95678954146553
459,Apparel,15,94.04,1.24,-2.38,3615,1135,4.27,94.04,87.6,88.1,77.3,57.300000000000004,82.517,28.0,Top Performer,85.16295254637836,17.0,83.488,21.413200897702193,79.38169977557445
460,Food,6,93.0,6.53,-3.39,2284,1079,6.41,93.0,34.7,83.05,78.42,35.900000000000006,64.0545,622.0,Medium Performer,68.1417699161054,557.0,67.8345,7.277404268301357,64.08064893292467
461,Electronics,3,92.01,1.42,-3.0,4643,75,8.64,92.01,85.8,85.0,98.5,13.599999999999994,74.37299999999999,188.0,Medium Performer,79.17939201228877,107.0,77.202,3.664236172175131,71.9364409569562
462,Apparel,12,78.98,1.44,-3.06,1515,612,9.0,78.98,85.6,84.7,87.76,10.0,68.57499999999999,407.0,Medium Performer,72.85049641970933,316.0,72.837,14.78431928770844,64.94892017807288
463,Pharma,10,75.2,6.88,-9.1,179,1197,5.35,75.2,31.200000000000003,54.5,76.06,46.5,55.441,898.0,Low Performer,57.17042436488242,930.0,54.93600000000001,15.190565989014058,59.427358502746486
464,Apparel,4,89.13,3.08,13.17,4784,1144,7.56,89.13,69.2,34.150000000000006,77.12,24.400000000000006,61.75350000000001,720.0,Medium Performer,65.45992787427625,680.0,54.99050000000001,4.5519411813807436,69.5445147046548
465,Apparel,10,84.88,0.73,-4.66,2110,347,3.85,84.88,92.7,76.7,93.06,61.5,81.75,32.0,Top Performer,82.92109809760132,41.0,80.892,12.938909937611463,81.53527251559713
466,Apparel,4,75.35,0.89,0.5,3722,132,4.08,75.35,91.1,97.5,97.36,59.2,81.581,35.0,Top Performer,82.39116712749615,51.0,86.03099999999999,5.29339636161249,80.08915090959687
467,Apparel,3,90.58,1.57,-9.76,2544,1738,2.75,90.58,84.3,51.2,65.24000000000001,72.5,76.953,119.0,Medium Performer,78.11347789200047,138.0,70.295,3.8098659115384557,85.89253352211539
468,Food,13,99.73,2.1,11.45,1042,456,6.06,99.73,79.0,42.75,90.88,39.400000000000006,73.0495,225.0,Medium Performer,76.38385088030249,188.0,65.7065,14.695448024245117,75.85863799393871
469,Electronics,11,92.42,5.49,8.28,2171,620,3.83,92.42,45.099999999999994,58.6,87.6,61.7,68.89099999999999,393.0,Medium Performer,70.69889379652605,417.0,66.029,13.465328816076507,71.43866779598086
470,Furniture,10,92.2,1.68,13.67,2634,1324,1.76,92.2,83.2,31.650000000000006,73.52,82.4,77.0395,113.0,Medium Performer,77.24468873921778,161.0,65.8695,11.8126844771343,86.49682888071644
471,Apparel,16,98.51,1.39,9.54,4246,680,7.17,98.51,86.1,52.300000000000004,86.4,28.299999999999997,73.223,217.0,Medium Performer,77.37064901335224,155.0,68.112,25.46947315235777,71.86013171191057
472,Pharma,9,76.09,6.24,-2.16,2273,1445,7.37,76.09,37.599999999999994,89.2,71.1,26.299999999999997,57.977000000000004,836.0,Low Performer,61.62913073378235,827.0,65.01299999999999,9.97602518622365,57.50349370344409
473,Apparel,6,86.97,5.53,-3.8,4572,624,4.24,86.97,44.699999999999996,81.0,87.52,57.599999999999994,69.688,359.0,Medium Performer,71.66670506912442,370.0,72.076,6.104905768497327,70.79127355787566
474,Pharma,12,99.39,3.76,7.44,3238,906,1.69,99.39,62.400000000000006,62.8,81.88,83.1,79.64500000000001,64.0,Medium Performer,80.70933068651777,74.0,74.991,14.385115940560619,82.62622101485985
475,Food,3,74.96,4.62,-0.9,3287,290,4.84,74.96,53.8,95.5,94.2,51.6,70.00299999999999,347.0,Medium Performer,71.48146160935838,380.0,76.33699999999999,3.553981081542796,69.2015047296143
476,Pharma,16,91.01,2.84,4.16,4186,1076,4.98,91.01,71.6,79.2,78.48,50.199999999999996,74.971,162.0,Medium Performer,77.76638506439795,145.0,75.62,19.829899264539616,73.2450251838651
477,Furniture,7,87.57,4.12,-9.84,4574,1519,7.02,87.57,58.8,50.8,69.62,29.80000000000001,61.513,732.0,Medium Performer,65.19743058017252,694.0,58.486000000000004,7.759574756918136,67.10260631077047
478,Electronics,9,87.59,4.3,-8.45,393,605,3.84,87.59,57.0,57.75,87.9,61.6,70.2995,328.0,Medium Performer,71.67565182559376,369.0,67.1605,10.998672263879179,73.79783193403021
479,Pharma,6,90.93,3.4,3.38,4511,1996,7.14,90.93,66.0,83.1,60.08,28.60000000000001,67.972,439.0,Medium Performer,72.60929599432825,325.0,70.769,7.355528446765453,69.54361788830865
480,Pharma,17,97.89,7.3,4.15,4754,712,8.84,97.89,27.0,79.25,85.76,11.599999999999994,58.900499999999994,808.0,Low Performer,64.73838813659458,713.0,63.0315,23.480364943824018,53.252408764044
481,Electronics,19,93.48,0.62,8.79,4873,1084,3.14,93.48,93.8,56.050000000000004,78.32,68.6,81.45349999999999,37.0,Top Performer,82.83194134467684,43.0,75.19550000000001,23.153424258094777,83.1816439354763
482,Furniture,7,71.68,6.37,-6.7,2326,1931,9.81,71.68,36.3,66.5,61.38,1.8999999999999915,47.071999999999996,991.0,Low Performer,51.840646342904414,990.0,51.294,8.543465042884225,50.33413373927894
483,Apparel,6,95.58,1.43,2.83,4970,219,4.48,95.58,85.7,85.85,95.62,55.199999999999996,83.57849999999999,18.0,Top Performer,86.06770265863169,14.0,84.1455,7.819615655650219,82.16509608608744
484,Pharma,17,76.77,6.48,-5.14,3251,135,3.41,76.77,35.19999999999999,74.3,97.3,65.9,65.88600000000001,545.5,Medium Performer,66.30912870140612,646.0,68.01400000000001,23.350027214817157,63.62999319629571
485,Electronics,14,81.31,5.12,-7.67,938,501,4.79,81.31,48.8,61.65,89.98,52.1,65.25850000000001,572.0,Medium Performer,66.817853692544,619.0,64.4125,14.045707794645578,67.04107305133861
486,Food,6,83.85,6.82,0.26,2093,1542,1.85,83.85,31.799999999999997,98.7,69.16,81.5,71.12599999999999,296.0,Medium Performer,72.03662204891882,353.0,76.81599999999999,5.697215328159814,72.86319616796004
487,Electronics,14,84.43,1.23,-5.92,1391,969,2.13,84.43,87.7,70.4,80.62,78.7,81.61600000000001,34.0,Top Performer,81.84885638662412,55.0,78.93299999999999,21.547342962274673,82.32066425943133
488,Food,18,83.06,4.69,-4.46,3770,979,4.73,83.06,53.099999999999994,77.7,80.42,52.699999999999996,68.43,413.0,Medium Performer,70.49014916696206,432.0,70.374,24.13467157654137,66.18133210586466
489,Furniture,19,98.12,4.26,-2.06,2933,590,7.86,98.12,57.400000000000006,89.7,88.2,21.39999999999999,70.34100000000001,325.0,Medium Performer,75.52446640671158,213.0,74.52900000000001,21.96633078194827,63.738417304512936
490,Apparel,9,91.18,5.8,-3.52,4262,786,9.1,91.18,42.0,82.4,84.28,9.0,60.44199999999999,759.0,Medium Performer,65.94550986647761,659.0,65.25399999999999,10.835463485939634,57.83613412851509
491,Electronics,14,88.94,4.51,-7.81,2465,267,6.98,88.94,54.900000000000006,60.95,94.66,30.19999999999999,65.0555,581.0,Medium Performer,68.4540123833156,537.0,64.09649999999999,15.700827258676483,64.58479318533088
492,Pharma,20,71.5,4.56,-7.75,1167,1963,1.95,71.5,54.400000000000006,61.25,60.74,80.5,66.41149999999999,522.0,Medium Performer,65.99678584426326,655.0,64.76650000000001,24.84512289776621,70.38871927555846
493,Furniture,4,97.12,3.72,-5.17,4313,1221,7.05,97.12,62.8,74.15,75.58,29.5,69.4165,372.0,Medium Performer,74.02665879711687,264.0,69.9195,4.022530248476249,71.34936743788094
494,Electronics,9,97.28,2.82,-8.74,3051,239,6.72,97.28,71.8,56.3,95.22,32.8,71.661,280.0,Medium Performer,75.36631154436962,217.0,67.963,12.312300573161867,72.39192485670954
495,Pharma,3,93.41,4.12,5.66,1788,198,8.25,93.41,58.8,71.7,96.04,17.5,66.582,511.0,Medium Performer,71.23430216235377,387.0,67.766,3.7052720391771006,66.50118199020572
496,Electronics,9,70.21,1.39,-2.82,1414,1448,8.43,70.21,86.1,85.9,71.03999999999999,15.700000000000003,65.71699999999998,553.0,Medium Performer,69.33180293040292,500.0,70.786,11.180928772860032,65.207267806785
497,Food,14,71.72,7.71,-3.01,2758,19,8.81,71.72,22.900000000000006,84.95,99.62,11.899999999999991,52.3255,951.0,Low Performer,55.97879853479853,950.0,60.4035,14.296961328500139,48.055759667874966
498,Electronics,14,76.76,5.86,-1.7,4840,1147,4.73,76.76,41.4,91.5,77.06,52.699999999999996,65.349,569.0,Medium Performer,67.25374583481035,599.0,71.268,18.26794787096338,63.14801303225915
499,Electronics,2,73.94,7.64,6.57,974,1109,7.28,73.94,23.60000000000001,67.15,77.82,27.200000000000003,51.37649999999999,966.0,Low Performer,54.42181167434717,976.0,54.8725,2.0516113427415834,55.67209716431461
500,Electronics,7,81.97,2.2,11.77,201,685,3.41,81.97,78.0,41.150000000000006,86.3,65.9,72.0735,257.0,Medium Performer,72.45205981330497,331.0,64.9115,7.4309887961277,79.60975280096807
501,Furniture,20,97.68,7.1,8.98,635,511,9.99,97.68,29.0,55.099999999999994,89.78,0.09999999999999432,53.817,926.0,Low Performer,59.93954094292803,869.0,53.614,24.350487693767,50.60737807655825
502,Electronics,17,84.16,6.57,8.19,962,94,2.58,84.16,34.3,59.050000000000004,98.12,74.2,67.3325,475.0,Medium Performer,67.55418284296348,587.0,65.30149999999999,28.924928458693213,65.93376788532669
503,Pharma,9,70.4,5.58,2.11,2371,58,1.09,70.4,44.2,89.45,98.84,89.1,73.29150000000001,212.0,Medium Performer,71.8906415691835,360.0,77.4765,11.108639040038657,73.14784023999033
504,Food,2,78.48,5.19,7.35,545,1528,2.34,78.48,48.099999999999994,63.25,69.44,76.6,67.32050000000001,476.0,Medium Performer,67.55680602623183,586.0,65.8875,1.3724796481329722,75.45188008796676
505,Food,17,71.34,2.87,3.82,3845,847,7.98,71.34,71.3,80.9,83.06,20.19999999999999,63.708000000000006,645.0,Medium Performer,66.86662445941155,617.0,68.179,18.215495296573447,61.15612617585663
506,Electronics,10,71.09,6.62,-4.59,2198,1017,5.02,71.09,33.8,77.05,79.66,49.800000000000004,59.2605,793.0,Low Performer,60.69971213517665,851.0,63.381499999999996,13.367458224441148,60.33063544388972
507,Furniture,14,78.27,4.26,-4.79,606,698,5.03,78.27,57.400000000000006,76.05,86.03999999999999,49.699999999999996,67.7825,454.0,Medium Performer,69.51185002954034,489.0,69.81049999999999,13.640309354044453,67.93242266148889
508,Furniture,12,78.27,1.03,-2.59,1602,396,9.6,78.27,89.7,87.05,92.08,4.0,68.97149999999999,390.0,Medium Performer,73.50046619402102,283.0,73.86949999999999,16.394645858749584,63.893838535312604
509,Pharma,14,93.61,2.85,12.77,2170,979,9.28,93.61,71.5,36.150000000000006,80.42,7.200000000000003,60.8625,751.0,Medium Performer,65.95476856906534,658.0,54.79650000000001,17.244697609342083,63.766325597664476
510,Electronics,22,99.25,7.51,3.69,3135,1422,3.8,99.25,24.900000000000006,81.55,71.56,62.0,67.7885,452.5,Medium Performer,70.84714160463193,407.0,69.8285,30.761839647399416,63.84704008815015
511,Food,11,81.14,6.88,8.35,3554,1015,2.88,81.14,31.200000000000003,58.25,79.7,71.2,63.089499999999994,678.0,Medium Performer,63.66463918232305,749.0,61.505500000000005,11.970520959647807,67.89236976008804
512,Furniture,5,82.87,7.86,-1.34,206,227,8.64,82.87,21.39999999999999,93.3,95.46,13.599999999999994,56.471999999999994,872.0,Low Performer,61.069952333687816,841.0,65.095,5.363216085067284,53.126695978733174
513,Electronics,7,95.34,5.21,0.19,784,1734,9.15,95.34,47.9,99.05,65.32,8.5,63.6665,649.0,Medium Performer,70.12111924849344,453.0,71.1225,9.190979221598315,60.63725519460043
514,Furniture,8,78.04,2.36,-6.86,4704,1014,5.87,78.04,76.4,65.69999999999999,79.72,41.3,68.599,406.0,Medium Performer,70.74584936783646,413.0,68.05,9.587954600044544,71.53801134998886
515,Furniture,6,74.69,1.72,-5.72,3326,1379,6.66,74.69,82.8,71.4,72.42,33.400000000000006,67.739,456.0,Medium Performer,70.34193243530663,443.0,68.74000000000001,7.11837262585647,70.9429068435359
516,Food,12,95.59,1.9,10.68,204,1263,3.31,95.59,81.0,46.6,74.74,66.9,76.77100000000002,124.0,Medium Performer,78.41859328843199,131.0,69.137,18.16552768547775,81.33111807863057
517,Apparel,14,71.4,0.65,4.62,1046,264,8.21,71.4,93.5,76.9,94.72,17.89999999999999,69.38199999999999,375.0,Medium Performer,72.28767385088031,340.0,72.052,18.491594595772998,66.07710135105675
518,Pharma,20,88.59,3.43,-1.56,2344,245,6.69,88.59,65.69999999999999,92.2,95.1,33.099999999999994,72.962,226.0,Medium Performer,76.53045355075032,183.0,77.603,16.04030813321709,67.83742296669573
519,Pharma,24,86.86,1.94,10.07,4676,1059,5.53,86.86,80.6,49.65,78.82,44.699999999999996,70.47749999999999,317.0,Medium Performer,72.84504234904878,318.0,65.4565,32.63552698807866,69.88111825298033
520,Food,11,80.38,3.59,-3.84,2955,1617,1.54,80.38,64.1,80.8,67.66,84.6,75.945,142.0,Medium Performer,76.02382549923195,199.0,76.632,14.737731360913267,78.58556715977167
521,Furniture,11,79.46,7.51,14.4,4874,1294,9.24,79.46,24.900000000000006,28.0,74.12,7.599999999999994,43.19499999999999,1000.0,Low Performer,47.42842341959116,1000.0,39.224,15.80680483189155,49.03829879202711
522,Electronics,12,93.16,3.73,-1.38,1227,1799,6.54,93.16,62.7,93.1,64.02000000000001,34.599999999999994,70.91,301.0,Medium Performer,75.40591686163297,215.0,75.34899999999999,12.144723793023577,69.57881905174412
523,Furniture,22,72.59,7.08,-1.57,203,280,2.73,72.59,29.200000000000003,92.15,94.4,72.7,66.87950000000001,499.0,Medium Performer,66.89343263618102,614.0,72.9555,27.82914563092454,61.66521359226887
524,Food,8,77.1,5.04,-2.2,4237,132,6.46,77.1,49.6,89.0,97.36,35.400000000000006,65.696,556.0,Medium Performer,68.23303774075386,550.0,71.536,9.778608033989089,63.08034799150273
525,Pharma,19,91.97,2.35,-6.95,1766,665,7.1,91.97,76.5,65.25,86.7,29.0,70.97349999999999,299.0,Medium Performer,74.80433264799717,230.0,69.55149999999999,19.160998979576938,69.57725025510577
526,Furniture,5,86.45,3.17,-7.22,3252,1290,5.73,86.45,68.3,63.9,74.2,42.699999999999996,68.555,408.0,Medium Performer,71.37492295876166,383.0,67.14,6.946766567906581,72.62580835802335
527,Pharma,3,73.84,1.13,6.2,2907,1689,7.46,73.84,88.7,69.0,66.22,25.400000000000006,66.379,523.0,Medium Performer,69.49788552522746,492.0,67.09,3.4550724004143705,71.1212318998964
528,Electronics,15,96.46,3.0,11.88,836,1454,6.23,96.46,70.0,40.599999999999994,70.92,37.699999999999996,67.16,483.0,Medium Performer,70.78657383906416,411.0,60.248999999999995,21.458197173757004,70.67545070656074
529,Pharma,14,81.8,5.58,9.76,4418,268,9.53,81.8,44.2,51.2,94.64,4.700000000000003,53.674,932.0,Low Performer,58.076617464256174,915.0,53.289,14.719995401811065,53.995001149547235
530,Pharma,13,94.84,1.04,-6.47,4322,957,1.48,94.84,89.6,67.65,80.86,85.2,86.12550000000002,8.0,Top Performer,86.6754481625901,9.0,81.4315,11.802477775921572,89.45938055601961
531,Apparel,8,93.63,2.04,3.64,3817,56,1.96,93.63,79.6,81.8,98.88,80.4,86.227,7.0,Top Performer,86.860972232069,7.0,85.224,9.211894108750169,86.10452647281247
532,Apparel,3,88.73,3.36,-7.36,2928,872,2.56,88.73,66.4,63.199999999999996,82.56,74.4,75.83500000000001,146.0,Medium Performer,76.62404149828664,180.0,72.562,3.7391479095374685,81.44771302261563
533,Apparel,14,84.83,7.87,-8.87,692,534,7.21,84.83,21.299999999999997,55.650000000000006,89.32,27.900000000000006,53.6335,934.0,Low Performer,57.06272959943283,935.0,53.8205,15.304251403787045,54.68143714905324
534,Pharma,15,99.39,6.39,6.41,4712,897,6.81,99.39,36.1,67.95,82.06,31.900000000000006,63.62050000000001,651.0,Medium Performer,68.14944379061798,556.0,63.871500000000005,8.806629393725316,64.64584265156867
535,Food,18,74.35,6.0,3.38,715,217,9.03,74.35,40.0,83.1,95.66,9.700000000000003,56.27599999999999,875.0,Low Performer,60.24559487179487,860.0,62.976,22.98113692170757,50.2672157695731
536,Pharma,10,91.75,1.37,-7.95,3476,1344,7.6,91.75,86.3,60.25,73.12,24.0,70.2495,329.0,Medium Performer,74.55193404230178,241.0,67.6095,12.757961381044051,72.323009654739
537,Food,18,75.74,6.36,-9.13,3833,756,5.58,75.74,36.4,54.349999999999994,84.88,44.2,57.302499999999995,856.0,Low Performer,59.00834663830792,893.0,56.5685,24.07380220274748,58.06654944931313
538,Food,9,80.15,6.39,14.74,3751,158,9.93,80.15,36.1,26.299999999999997,96.84,0.7000000000000028,46.839,993.0,Low Performer,51.012829091338766,993.0,42.244,10.1151136160086,51.708721595997844
539,Apparel,3,79.26,5.01,-9.25,1119,1867,3.39,79.26,49.900000000000006,53.75,62.66,66.1,63.8015,637.0,Medium Performer,64.76755784000946,710.0,60.825500000000005,3.3389689605708557,72.9802577598573
540,Furniture,14,98.41,7.93,1.11,2399,447,8.5,98.41,20.700000000000003,94.45,91.06,15.0,60.9715,744.0,Medium Performer,66.76410303674821,621.0,68.2355,20.832900963844175,53.31927475903896
541,Electronics,4,99.02,2.94,2.62,4553,164,4.84,99.02,70.6,86.9,96.72,51.6,80.38299999999998,54.0,Top Performer,83.42398605695378,34.0,81.75099999999999,3.5396762513426268,79.42008093716436
542,Apparel,17,75.49,7.56,-7.07,1262,1711,6.84,75.49,24.400000000000006,64.65,65.78,31.599999999999994,51.3425,968.0,Low Performer,54.4369689944464,975.0,53.92350000000001,19.559799501530023,52.9825501246175
543,Apparel,7,70.66,7.36,-5.77,1202,1123,7.55,70.66,26.39999999999999,71.15,77.53999999999999,24.5,51.12449999999999,970.0,Low Performer,54.14427888455629,979.0,55.74349999999999,8.599222584584528,53.240194353853866
544,Furniture,20,91.6,0.59,-1.2,2561,1731,6.7,91.6,94.1,94.0,65.38,33.0,78.24299999999998,89.0,Medium Performer,82.56136325180195,47.0,81.52799999999999,26.424087320056962,73.06897816998575
545,Electronics,8,82.54,3.88,9.04,193,1863,2.26,82.54,61.2,54.800000000000004,62.74,77.4,70.036,343.0,Medium Performer,70.48761089448186,433.0,65.81200000000001,9.87162749184691,77.81709312703828
546,Pharma,11,72.67,7.83,2.68,2539,367,4.99,72.67,21.700000000000003,86.6,92.66,50.099999999999994,59.501999999999995,784.0,Low Performer,60.959807822285235,844.0,65.96499999999999,11.17161619538457,58.32459595115386
547,Pharma,10,90.51,1.27,5.95,3278,1207,6.05,90.51,87.3,70.25,75.86,39.5,75.00150000000001,161.0,Medium Performer,78.29859104336524,135.0,73.6605,14.335227896041708,75.74369302598957
548,Apparel,3,86.35,4.61,14.63,4632,1250,8.64,86.35,53.9,26.849999999999994,75.0,13.599999999999994,53.62749999999999,935.0,Low Performer,57.827302256882895,922.0,46.9875,3.6011444473661447,62.56221388815846
549,Electronics,16,99.42,7.84,9.2,3255,1940,4.99,99.42,21.599999999999994,54.0,61.2,50.099999999999994,59.465999999999994,785.0,Low Performer,63.141837788018435,765.0,56.739000000000004,13.862391339227633,64.31440216519309
550,Apparel,6,76.82,4.67,0.86,4293,465,9.27,76.82,53.3,95.7,90.7,7.300000000000011,61.256,737.0,Medium Performer,65.78534529126786,667.0,69.684,7.451011980928072,57.49224700476799
551,Food,23,82.12,1.92,1.16,3192,785,4.96,82.12,80.8,94.2,84.3,50.4,77.476,105.0,Medium Performer,79.6347999763677,94.0,81.54400000000001,29.78627360761873,70.88343159809531
552,Apparel,5,86.28,4.87,5.47,3354,1642,5.94,86.28,51.3,72.65,67.16,40.599999999999994,64.44250000000001,605.0,Medium Performer,67.73429660876756,574.0,65.7495,7.960743953398115,67.55481401165046
553,Apparel,21,93.75,2.03,6.63,1407,638,8.17,93.75,79.7,66.85,87.24,18.299999999999997,70.46149999999999,318.0,Medium Performer,75.1069994800898,220.0,69.5565,26.916755665255227,66.2083110836862
554,Pharma,5,86.47,4.4,2.52,2763,1232,6.25,86.47,56.0,87.4,75.36,37.5,68.087,432.0,Medium Performer,71.60570100437198,372.0,72.245,4.5179744279848775,68.86300639300379
555,Pharma,19,88.39,1.06,6.12,4235,841,9.64,88.39,89.4,69.4,83.18,3.5999999999999943,68.315,418.0,Medium Performer,73.5718336996337,280.0,68.70600000000002,17.301775094928242,66.02205622626795
556,Pharma,5,76.78,5.04,-9.41,1407,495,6.94,76.78,49.6,52.95,90.1,30.599999999999994,58.506499999999996,816.0,Low Performer,60.96944768994446,842.0,57.4085,7.2587094581982665,62.43032263545043
557,Food,18,95.41,4.38,0.74,4344,542,5.7,95.41,56.2,96.3,89.16,43.0,74.634,173.0,Medium Performer,78.31084060025995,133.0,79.393,18.709909151943098,68.97502271201424
558,Pharma,13,82.86,6.05,-3.03,4683,209,1.21,82.86,39.5,84.85,95.82,87.9,74.6225,175.0,Medium Performer,74.25864237268107,251.0,76.9365,11.571089233222583,74.67222769169436
559,Electronics,23,74.23,5.23,-6.77,3242,380,4.72,74.23,47.699999999999996,66.15,92.4,52.800000000000004,63.916500000000006,627.0,Medium Performer,64.91489351293868,702.0,64.6985,32.20234999168879,60.63191250207781
560,Furniture,18,89.93,4.62,-7.51,350,1023,3.69,89.93,53.8,62.45,79.53999999999999,63.1,70.3705,324.0,Medium Performer,72.08392643270706,350.0,68.0225,19.887351076027187,71.73566223099321
561,Electronics,11,76.48,5.67,5.08,773,1992,7.73,76.48,43.3,74.6,60.16,22.69999999999999,55.51499999999999,895.0,Low Performer,59.423420087439425,883.0,59.487,15.283430721151136,56.79914231971222
562,Electronics,23,72.93,1.58,3.09,3060,862,2.87,72.93,84.2,84.55,82.76,71.3,78.14750000000001,93.0,Medium Performer,78.15708958997992,137.0,79.98949999999999,23.392290275484704,76.25942743112883
563,Pharma,2,95.86,4.97,-3.66,117,1481,2.85,95.86,50.300000000000004,81.7,70.38,71.5,74.926,164.0,Medium Performer,77.03007973531844,168.0,75.58999999999999,2.989524933466352,78.66761876663341
564,Furniture,23,83.8,1.79,1.77,3886,257,2.71,83.8,82.1,91.15,94.86,72.9,83.4035,19.0,Top Performer,83.9800454212454,29.0,85.5035,31.611493051893067,76.79712673702673
565,Furniture,19,92.48,7.44,2.31,4043,797,2.13,92.48,25.599999999999994,88.45,84.06,78.7,71.5575,283.0,Medium Performer,72.86980198511165,314.0,74.7845,20.053795606914882,69.18155109827127
566,Furniture,19,78.72,1.01,-5.12,2556,273,3.8,78.72,89.9,74.4,94.54,62.0,79.10500000000002,72.0,Medium Performer,79.72894231360038,93.0,78.518,16.490516225800363,78.5323709435499
567,Food,15,93.61,3.73,6.3,1587,1091,8.97,93.61,62.7,68.5,78.18,10.299999999999997,63.911,629.0,Medium Performer,69.34991643625193,497.0,64.6,24.915491576262422,60.4236271059344
568,Pharma,16,73.36,5.72,9.52,447,1335,7.97,73.36,42.800000000000004,52.400000000000006,73.3,20.299999999999997,51.958,957.0,Low Performer,55.19769379652606,964.0,51.947,18.527335353621933,54.48316616159451
569,Furniture,13,80.68,3.94,9.79,4765,40,7.62,80.68,60.6,51.050000000000004,99.2,23.799999999999997,61.6915,721.0,Medium Performer,64.61441224152192,719.0,59.61350000000001,13.616897717603134,62.86577557059921
570,Food,5,99.34,1.19,5.06,3407,1531,8.18,99.34,88.1,74.7,69.38,18.200000000000003,73.61,205.0,Medium Performer,79.12992692898499,110.0,73.301,7.386308268829499,74.56342293279262
571,Apparel,4,93.82,4.65,2.79,1213,1282,3.42,93.82,53.5,86.05,74.36,65.8,75.0245,159.0,Medium Performer,77.3021028713222,158.0,76.88749999999999,5.556607882729952,76.89084802931751
572,Apparel,21,84.92,5.31,-8.47,4875,614,8.99,84.92,46.900000000000006,57.65,87.72,10.099999999999994,56.640499999999996,869.0,Low Performer,61.156931466383085,838.0,56.8285,30.167745481912835,52.938063629521785
573,Food,13,80.19,5.78,-2.8,605,1810,2.24,80.19,42.199999999999996,86.0,63.8,77.6,69.407,374.0,Medium Performer,70.17544019851115,451.0,72.598,15.343878478453897,71.16153038038652
574,Food,8,96.16,3.3,-7.67,3711,1304,4.03,96.16,67.0,61.65,73.92,59.699999999999996,74.17750000000001,191.5,Medium Performer,76.62334566938438,181.0,70.5565,12.6096875045178,77.56257812387055
575,Pharma,12,86.35,4.73,14.1,1801,1639,6.28,86.35,52.699999999999996,29.5,67.22,37.199999999999996,57.666999999999994,842.0,Low Performer,60.564307314191176,852.0,50.437,11.254516366676732,66.24887090833082
576,Pharma,2,92.75,3.88,-6.62,2991,1699,1.93,92.75,61.2,66.9,66.02000000000001,80.7,75.902,144.0,Medium Performer,77.01497788018433,169.0,72.912,2.1791801913769913,83.11770495215575
577,Apparel,7,92.62,5.54,-6.21,2707,1427,7.57,92.62,44.6,68.95,71.46000000000001,24.299999999999997,61.2845,736.0,Medium Performer,65.98539862932766,656.0,62.36750000000001,8.945830258000838,63.143542435499796
578,Furniture,16,70.54,4.88,12.24,2845,1830,4.49,70.54,51.2,38.8,63.4,55.099999999999994,57.141999999999996,862.0,Low Performer,57.92071823230532,920.0,52.533,22.937956301558764,63.47551092461031
579,Apparel,16,73.79,4.44,13.6,2379,511,8.06,73.79,55.599999999999994,32.0,89.78,19.39999999999999,53.69499999999999,931.0,Low Performer,56.331273614557475,946.0,48.966,21.315708865679454,56.868572783580134
580,Furniture,20,89.79,2.37,9.15,2009,1625,5.44,89.79,76.3,54.25,67.5,45.599999999999994,70.01950000000001,344.0,Medium Performer,72.87298362282878,313.0,65.7955,23.668537056612834,72.0053657358468
581,Furniture,12,74.85,0.52,-9.86,1651,1837,2.63,74.85,94.8,50.7,63.26,73.7,74.82600000000001,167.0,Medium Performer,74.70860893300247,236.0,69.056,13.259645118625249,82.52258872034368
582,Pharma,24,77.66,1.81,-9.97,2843,1117,7.61,77.66,81.9,50.15,77.66,23.89999999999999,63.841499999999996,634.0,Medium Performer,66.87001110717239,615.0,60.8155,34.4328521201249,62.25678696996877
583,Electronics,3,98.4,1.38,-0.55,1530,1398,3.27,98.4,86.2,97.25,72.03999999999999,67.3,86.32149999999999,6.0,Top Performer,88.90316336996335,5.0,88.25649999999999,4.058637607966218,86.96034059800846
584,Electronics,15,86.81,3.87,-6.42,1152,895,5.42,86.81,61.3,67.9,82.1,45.8,68.923,391.0,Medium Performer,71.49531272598368,379.0,68.467,15.376428621926806,69.6333928445183
585,Food,3,92.52,5.09,-9.54,3326,558,1.68,92.52,49.1,52.300000000000004,88.84,83.2,73.4,207.0,Medium Performer,73.70737750206783,276.0,67.99300000000001,3.057438361162184,80.44064040970946
586,Pharma,5,86.74,2.1,1.6,1349,1375,6.56,86.74,79.0,92.0,72.5,34.400000000000006,73.702,202.0,Medium Performer,77.4570061916578,154.0,77.75799999999998,5.454511845560485,73.67137203860989
587,Furniture,18,86.58,7.54,13.58,3929,848,6.99,86.58,24.599999999999994,32.099999999999994,83.03999999999999,30.099999999999994,51.26299999999999,969.0,Low Performer,54.4673934065934,973.0,46.29,19.174457283770252,55.526385679057434
588,Electronics,4,72.82,0.55,-1.9,1585,1440,4.41,72.82,94.5,90.5,71.2,55.9,77.346,107.0,Medium Performer,78.61026825002952,119.0,80.644,5.623872730037174,79.3990318174907
589,Furniture,14,80.31,6.29,6.53,127,1458,9.59,80.31,37.1,67.35,70.84,4.099999999999994,51.374500000000005,967.0,Low Performer,56.46341725156563,945.0,54.75350000000001,18.02005050221045,50.87248737444738
590,Electronics,10,78.47,5.19,6.31,2881,1777,8.87,78.47,48.099999999999994,68.45,64.46000000000001,11.300000000000011,54.539500000000004,917.0,Low Performer,59.12741576273189,891.0,57.4125,13.115574480806195,56.18860637979845
591,Electronics,8,81.72,3.3,-3.72,3460,1126,7.37,81.72,67.0,81.4,77.48,26.299999999999997,66.48400000000001,519.0,Medium Performer,70.17988613966678,449.0,69.92699999999999,9.906671418874842,66.2783321452813
592,Electronics,16,93.95,0.88,6.26,2771,857,7.42,93.95,91.2,68.7,82.86,25.799999999999997,74.73599999999999,168.0,Medium Performer,78.98153130095712,113.0,73.23100000000001,19.964066289079533,72.74648342773013
593,Pharma,24,81.16,5.21,-4.69,3677,623,3.27,81.16,47.9,76.55,87.53999999999999,67.3,70.0195,345.0,Medium Performer,70.86161942573555,405.0,71.45349999999999,21.207276406366503,68.78818089840837
594,Apparel,12,83.55,3.39,-6.95,1582,421,6.91,83.55,66.1,65.25,91.58,30.900000000000006,66.7155,504.0,Medium Performer,69.73576381897671,476.0,66.5605,16.306040778443442,66.06098980538914
595,Furniture,21,81.92,7.52,7.53,287,441,2.78,81.92,24.80000000000001,62.35,91.18,72.2,63.68650000000001,646.0,Medium Performer,64.10348852652723,738.0,63.1145,22.833377781515942,64.02165555462102
596,Pharma,3,72.8,4.56,-7.16,2046,687,2.3,72.8,54.400000000000006,64.2,86.26,77.0,69.096,385.0,Medium Performer,68.50948710859033,535.0,68.086,3.580106800170004,75.1549732999575
597,Pharma,16,83.23,7.55,14.92,3477,168,10.0,83.23,24.5,25.400000000000006,96.64,0.0,44.568000000000005,999.0,Low Performer,49.06448273661822,998.0,40.1,17.68584664916693,47.51103833770827
598,Pharma,15,75.87,2.15,-5.41,327,23,6.6,75.87,78.5,72.95,99.54,34.0,70.0825,339.0,Medium Performer,72.20918667139313,343.0,71.4605,18.43761469545503,67.48309632613625
599,Pharma,21,75.6,5.94,4.85,3139,382,4.88,75.6,40.599999999999994,75.75,92.36,51.2,63.6685,648.0,Medium Performer,65.0420255701288,697.0,66.6685,27.606994494424782,59.9482513763938
600,Pharma,23,72.82,5.13,0.28,573,234,3.59,72.82,48.7,98.6,95.32,64.1,71.16300000000001,293.0,Medium Performer,71.72497329552166,366.0,77.961,22.959266850392684,65.66518328740182
601,Food,12,80.7,6.05,-6.84,4325,1538,6.44,80.7,39.5,65.8,69.24,35.599999999999994,57.998999999999995,835.0,Low Performer,61.10410405293631,839.0,59.33399999999999,15.006598138185606,60.19835046545359
602,Furniture,4,92.72,2.11,-9.3,4268,1106,1.45,92.72,78.9,53.5,77.88,85.5,80.45400000000001,50.0,Top Performer,80.73738548977903,73.0,73.66199999999999,4.440797936996915,88.16980051575078
603,Pharma,18,78.29,5.49,5.57,3172,1282,1.85,78.29,45.099999999999994,72.15,74.36,81.5,69.3205,377.0,Medium Performer,69.26569228406002,504.0,69.5915,26.35725159315361,69.6331871017116
604,Furniture,13,79.37,4.24,10.17,4625,520,1.3,79.37,57.599999999999994,49.15,89.6,87.0,71.9435,264.0,Medium Performer,70.91586283823703,401.0,66.6065,12.701973952252967,77.81700651193675
605,Food,22,89.28,6.07,11.05,1847,612,5.49,89.28,39.3,44.75,87.76,45.099999999999994,61.11749999999999,742.0,Medium Performer,63.57779891291504,751.0,56.919500000000006,21.988928413918163,62.922767896520455
606,Food,16,75.88,2.95,2.07,2181,225,6.41,75.88,70.5,89.65,95.5,35.900000000000006,70.5665,314.0,Medium Performer,72.93032763795344,309.0,75.58850000000001,18.049375302282208,66.05765617442944
607,Furniture,17,96.91,7.18,9.44,865,1635,1.56,96.91,28.200000000000003,52.800000000000004,67.3,84.4,67.65299999999999,460.0,Medium Performer,68.77111031549096,527.0,62.891999999999996,17.252811368952948,73.06429715776176
608,Electronics,6,85.61,1.13,6.82,2744,1574,7.49,85.61,88.7,65.9,68.52,25.099999999999994,69.615,365.0,Medium Performer,73.54898964906062,281.0,68.54400000000001,6.930742784415706,73.11981430389608
609,Apparel,21,83.43,6.55,8.11,492,1980,3.07,83.43,34.5,59.45,60.4,69.3,62.4715,697.0,Medium Performer,63.747243507030596,746.0,60.828500000000005,22.982880874314006,66.0617797814215
610,Electronics,7,86.73,6.96,2.31,3190,1850,7.17,86.73,30.400000000000006,88.45,63.0,28.299999999999997,58.84649999999999,809.0,Low Performer,63.36633023750443,757.0,64.9285,8.523777328782538,59.22655566780436
611,Electronics,20,74.98,6.63,5.84,192,1972,9.84,74.98,33.7,70.8,60.56,1.5999999999999943,47.915,989.0,Low Performer,53.04181947300012,986.0,52.812000000000005,28.032288111296616,45.561927972175845
612,Electronics,6,88.4,4.35,10.14,4337,997,7.22,88.4,56.5,49.3,80.06,27.799999999999997,61.605999999999995,726.0,Medium Performer,65.2514614675647,691.0,58.411,7.285535526821129,66.35361611829472
613,Pharma,4,80.89,3.79,-0.05,1460,1253,8.95,80.89,62.1,99.75,74.94,10.5,64.3485,606.0,Medium Performer,69.32706770648706,501.0,72.5795,4.929883648653182,62.14002908783671
614,Food,2,96.92,7.97,10.15,4523,849,9.53,96.92,20.299999999999997,49.25,83.02,4.700000000000003,50.780499999999996,977.0,Low Performer,56.65136192839418,943.0,49.6885,1.97707095887516,54.98573226028121
615,Electronics,7,75.07,2.22,4.8,584,736,5.38,75.07,77.8,76.0,85.28,46.2,71.139,295.0,Medium Performer,72.77084962779156,323.0,72.632,8.212316624658818,72.7144208438353
616,Food,16,85.21,4.6,-5.85,1766,1254,7.32,85.21,54.0,70.75,74.92,26.799999999999997,62.5275,694.0,Medium Performer,66.4185981803143,639.0,64.1165,17.850385690849926,62.03990357728752
617,Furniture,3,87.94,5.53,-9.38,3414,1422,8.67,87.94,44.699999999999996,53.099999999999994,71.56,13.299999999999997,55.33799999999999,901.0,Low Performer,60.16264891882311,863.0,54.263999999999996,4.008984578184291,60.48275385545392
618,Apparel,4,71.0,5.76,-0.93,1082,563,4.21,71.0,42.400000000000006,95.35,88.74,57.9,66.65650000000001,508.0,Medium Performer,67.59900113434952,580.0,73.61149999999999,4.188346413437841,66.77791339664054
619,Furniture,18,80.91,2.03,3.67,3392,1680,3.35,80.91,79.7,81.65,66.4,66.5,76.38550000000001,130.5,Medium Performer,77.62713158454449,150.0,77.3145,18.501639866959557,77.15209003326012
620,Furniture,13,91.98,5.4,11.0,1460,1075,9.52,91.98,46.0,45.0,78.5,4.800000000000011,54.654,916.0,Low Performer,60.060809618338645,865.0,51.916000000000004,16.425315912583105,56.58867102185423
621,Pharma,19,94.61,6.64,-6.81,4550,685,7.54,94.61,33.60000000000001,65.95,86.3,24.599999999999994,60.225500000000004,765.0,Medium Performer,64.75498081058727,711.0,61.044500000000006,30.32439160661717,55.621402098345705
622,Apparel,16,79.39,0.88,10.01,1222,882,2.98,79.39,91.2,49.95,82.36,70.2,76.38550000000001,130.5,Medium Performer,76.4399261254874,186.0,70.3665,18.636964403281077,80.53825889917974
623,Furniture,13,93.96,7.34,11.58,938,292,5.04,93.96,26.599999999999994,42.1,94.16,49.6,60.48899999999999,757.0,Medium Performer,62.902214581117796,780.0,55.70299999999999,16.037341856199298,63.53066453595017
624,Furniture,17,99.03,0.72,-6.23,3388,1091,8.17,99.03,92.8,68.85,78.18,18.299999999999997,74.7145,171.0,Medium Performer,79.91555488597425,88.0,73.0265,23.623274284406268,71.62668142889844
625,Apparel,9,95.71,3.17,11.29,4567,1847,5.92,95.71,68.3,43.550000000000004,63.06,40.8,66.78649999999999,503.0,Medium Performer,70.37276001417935,439.0,60.470499999999994,11.71782701750749,73.27304324562313
626,Apparel,15,73.53,0.62,14.79,1691,843,6.85,73.53,93.8,26.05000000000001,83.14,31.5,64.0305,623.0,Medium Performer,65.7508610894482,668.0,55.6225,19.54943844114659,69.82014038971334
627,Furniture,18,92.19,1.08,8.17,521,546,7.78,92.19,89.2,59.15,89.08,22.200000000000003,72.1775,256.0,Medium Performer,76.26439130332034,192.0,69.21849999999999,21.25730717309518,70.5831732067262
628,Apparel,22,79.59,7.33,9.62,2990,1106,6.6,79.59,26.700000000000003,51.900000000000006,77.88,34.0,52.925,942.0,Low Performer,55.7307891527827,956.0,52.311,26.066765195775652,53.555808701056094
629,Furniture,9,99.65,3.16,14.86,596,1918,5.86,99.65,68.4,25.700000000000003,61.64,41.4,65.29400000000001,571.0,Medium Performer,68.9163922486116,515.0,54.979000000000006,9.440732632092248,75.00231684197693
630,Furniture,16,84.56,3.69,5.14,4776,932,7.75,84.56,63.1,74.3,81.36,22.5,64.924,586.0,Medium Performer,68.91359506085311,516.0,67.048,20.756394413764426,62.350901396558896
631,Pharma,15,73.67,2.12,-2.3,3647,1162,7.55,73.67,78.8,88.5,76.76,24.5,67.652,461.0,Medium Performer,70.91602618456811,400.0,72.82,19.390663289995928,64.39483417750102
632,Electronics,19,91.76,4.98,10.94,2875,1632,6.67,91.76,50.199999999999996,45.300000000000004,67.36,33.3,60.269000000000005,764.0,Medium Performer,64.05559636062863,739.0,55.978,25.525225205236453,62.43369369869089
633,Furniture,21,79.69,4.96,5.36,3773,851,4.24,79.69,50.4,73.2,82.98,57.599999999999994,67.30499999999999,477.0,Medium Performer,68.69300680609713,530.0,68.57600000000001,23.149961223675948,66.13500969408102
634,Food,8,99.91,3.29,4.53,413,1459,4.65,99.91,67.1,77.35,70.82,53.5,76.1325,137.0,Medium Performer,79.54386534325889,95.0,75.5815,10.928215039005769,77.39544624024856
635,Electronics,4,99.39,3.0,-3.66,2216,957,9.73,99.39,70.0,81.7,80.86,2.6999999999999886,68.198,423.0,Medium Performer,74.65498851471109,237.0,70.964,5.70666783051835,66.5958330423704
636,Electronics,13,89.68,7.14,8.91,3359,674,2.01,89.68,28.60000000000001,55.45,86.52,79.9,67.0035,489.0,Medium Performer,67.4962655795817,590.0,63.700500000000005,12.443708892481723,71.43407277687957
637,Electronics,22,73.89,3.37,-7.96,595,1727,3.42,73.89,66.3,60.2,65.46000000000001,65.8,67.478,469.0,Medium Performer,68.01404145102208,564.0,65.524,25.09376065082741,70.22405983729315
638,Pharma,4,90.61,4.2,13.11,3290,1158,5.43,90.61,58.0,34.45,76.84,45.7,63.674499999999995,647.0,Medium Performer,66.1932259482453,649.0,56.3185,5.74001886556867,72.14249528360783
639,Furniture,21,72.79,2.62,-1.85,4779,76,8.53,72.79,73.8,90.75,98.48,14.700000000000003,66.6875,507.0,Medium Performer,70.11113052109181,454.0,73.1335,22.47186606061788,59.70453348484553
640,Pharma,15,70.88,6.4,-6.81,1986,15,2.47,70.88,36.0,65.95,99.7,75.3,65.1865,577.0,Medium Performer,64.39237691126077,727.0,65.7235,19.58628758155002,65.64842810461249
641,Furniture,16,94.69,3.48,1.06,1012,646,3.49,94.69,65.2,94.7,87.08,65.1,80.64,48.0,Top Performer,82.82881172161171,44.0,83.59599999999999,19.22744320640778,76.44063919839806
642,Pharma,15,76.29,4.35,-8.94,3055,323,1.59,76.29,56.5,55.300000000000004,93.54,84.1,71.481,287.0,Medium Performer,70.41572633817795,436.0,67.882,18.992637964270525,74.47434050893237
643,Pharma,8,81.37,2.4,7.12,3856,1359,7.35,81.37,76.0,64.4,72.82,26.5,65.65299999999999,559.0,Medium Performer,69.12543128914096,507.0,65.271,9.662490084307537,68.55187747892312
644,Food,18,99.2,7.91,12.57,932,574,3.14,99.2,20.900000000000006,37.15,88.52,68.6,63.12949999999999,676.0,Medium Performer,64.79836155027768,708.0,56.1645,24.28621554443138,66.10344611389215
645,Pharma,13,80.11,2.69,10.93,3890,1611,4.5,80.11,73.1,45.35,67.78,55.0,66.8885,498.0,Medium Performer,68.2941501595179,545.0,61.5425,12.944055446753916,73.81648613831152
646,Apparel,21,78.89,6.28,-6.82,920,835,4.99,78.89,37.199999999999996,65.9,83.3,50.099999999999994,61.202,740.0,Medium Performer,62.960828476899444,778.0,62.128,21.36404237468639,61.2064894063284
647,Food,5,97.55,3.71,-6.84,4661,515,9.02,97.55,62.9,65.8,89.7,9.800000000000011,65.78999999999999,548.0,Medium Performer,71.27742904407421,385.0,65.56,7.464513550266857,65.69637161243328
648,Pharma,10,73.32,2.05,10.34,3035,1115,4.7,73.32,79.5,48.3,77.7,53.0,67.48599999999999,468.0,Medium Performer,68.31102105636299,544.0,63.18899999999999,16.200726559970636,72.40481836000734
649,Electronics,7,92.79,6.5,13.11,915,1632,2.31,92.79,35.0,34.45,67.36,76.9,63.870500000000014,630.0,Medium Performer,64.8651722557013,705.0,55.8865,8.392412785923092,74.07439680351922
650,Apparel,17,99.64,3.0,1.52,4359,1035,5.72,99.64,70.0,92.4,79.3,42.800000000000004,77.74199999999999,98.0,Medium Performer,81.8381691362401,56.0,80.61800000000001,26.231904543315814,71.55202386417105
651,Apparel,23,97.04,6.99,2.47,3253,213,9.67,97.04,30.099999999999994,87.65,95.74,3.299999999999997,60.018499999999996,769.0,Medium Performer,66.2177074323526,647.0,66.17450000000001,24.049836623737797,51.59754084406555
652,Apparel,23,89.55,7.36,-2.04,2947,671,6.47,89.55,26.39999999999999,89.8,86.58,35.3,62.653,690.0,Medium Performer,66.48119959825121,636.0,68.573,25.154704935964595,56.523823766008846
653,Food,22,79.42,6.95,12.36,2294,814,9.85,79.42,30.5,38.2,83.72,1.5,45.852999999999994,998.0,Low Performer,50.38994765449604,995.0,43.951,32.812945051679634,44.65176373708009
654,Pharma,22,77.63,0.76,6.12,68,413,8.57,77.63,92.4,69.4,91.74,14.299999999999997,68.83299999999998,396.0,Medium Performer,72.40053330970105,332.0,69.615,29.938068725942777,63.59798281851431
655,Pharma,3,94.58,6.41,-2.79,691,1136,1.32,94.58,35.900000000000006,86.05,77.28,86.8,75.34450000000001,154.0,Medium Performer,76.35773141911852,189.0,76.9615,4.563856258759355,78.17903593531017
656,Electronics,9,96.39,3.59,-2.53,3133,545,6.93,96.39,64.1,87.35,89.1,30.700000000000003,73.0945,224.0,Medium Performer,77.46963870967741,153.0,76.18549999999999,11.643400384306208,69.88664990392346
657,Electronics,12,85.76,7.05,12.28,379,1401,3.58,85.76,29.5,38.6,71.98,64.2,58.931000000000004,806.0,Low Performer,60.194533238804205,861.0,53.39,11.969889416365739,66.87252764590856
658,Apparel,14,77.33,5.28,-9.66,915,1245,6.04,77.33,47.199999999999996,51.7,75.1,39.6,58.184,830.0,Low Performer,60.42124657922722,856.0,56.45099999999999,17.426016601007493,61.675995849748126
659,Electronics,18,73.39,6.75,-1.93,823,586,3.51,73.39,32.5,90.35,88.28,64.9,65.5025,563.0,Medium Performer,66.16299002717712,650.0,71.3635,25.92720913848484,61.21569771537879
660,Food,9,72.62,4.25,3.86,4537,1994,4.14,72.62,57.5,80.7,60.12,58.6,65.998,539.0,Medium Performer,67.34101654259719,592.0,69.071,10.561076635236889,69.53973084119079
661,Pharma,22,91.57,4.51,-6.29,4782,1242,9.31,91.57,54.900000000000006,68.55,75.16,6.8999999999999915,60.37449999999999,762.0,Medium Performer,65.97727054236086,657.0,61.8375,25.139692518574837,57.057576870356286
662,Apparel,19,82.6,1.58,-7.7,2404,772,2.86,82.6,84.2,61.5,84.56,71.4,77.791,97.0,Medium Performer,78.16045993146636,136.0,74.051,24.638642931263664,78.39033926718409
663,Electronics,19,97.16,6.38,10.38,3388,1930,8.87,97.16,36.2,48.099999999999994,61.4,11.300000000000011,53.812999999999995,927.0,Low Performer,59.64318274843436,879.0,51.342000000000006,20.67387619092826,55.99653095226794
664,Food,15,92.19,3.65,12.36,3568,126,1.27,92.19,63.5,38.2,97.48,87.3,76.47,129.0,Medium Performer,76.04293496396078,198.0,67.351,18.886501449340503,81.02587463766487
665,Food,16,75.74,4.25,10.59,2992,637,1.82,75.74,57.5,47.05,87.26,81.8,69.2405,382.0,Medium Performer,68.29132681082358,547.0,64.11149999999999,19.403204686948662,73.90919882826283
666,Electronics,7,88.41,6.39,12.47,2617,758,8.69,88.41,36.1,37.65,84.84,13.100000000000009,52.29950000000001,952.0,Low Performer,56.715747867186565,941.0,48.5285,7.713419754952211,57.47414506126195
667,Pharma,12,83.07,4.99,3.83,1724,1511,6.68,83.07,50.099999999999994,80.85,69.78,33.2,63.1915,672.0,Medium Performer,66.78062913860333,620.0,66.8895,16.75376935648179,62.404057660879545
668,Electronics,14,87.32,2.01,10.31,2733,114,7.73,87.32,79.9,48.449999999999996,97.72,22.69999999999999,67.75049999999999,455.0,Medium Performer,71.14904655559494,391.0,63.5785,18.608766229062166,67.82780844273445
669,Apparel,2,92.14,4.93,-0.4,3430,504,2.88,92.14,50.7,98.0,89.92,71.2,78.249,88.0,Medium Performer,79.9100839182323,90.0,82.53999999999999,2.2585317662853495,77.94536705842866
670,Electronics,7,94.19,3.56,6.66,789,1804,5.83,94.19,64.4,66.7,63.92,41.7,69.09400000000001,386.0,Medium Performer,72.83510306038048,320.0,67.71000000000001,8.379054229083897,72.97773644272903
671,Food,10,95.31,4.02,14.72,1595,55,7.63,95.31,59.800000000000004,26.39999999999999,98.9,23.700000000000003,62.133,707.0,Medium Performer,65.8279381543188,666.0,53.707,11.457448800304327,66.83813779992393
672,Electronics,9,77.62,0.71,-4.36,4614,832,6.65,77.62,92.9,78.2,83.36,33.5,73.277,213.0,Medium Performer,75.91407522155265,203.0,74.83500000000001,9.650434249362684,73.59239143765933
673,Pharma,12,70.93,2.08,-0.25,2309,1364,5.25,70.93,79.2,98.75,72.72,47.5,72.6635,233.0,Medium Performer,74.47809944464137,243.0,78.98550000000002,10.324152786223113,71.82646180344422
674,Furniture,23,92.18,2.61,2.0,1185,1249,9.64,92.18,73.9,90.0,75.02,3.5999999999999943,67.851,446.0,Medium Performer,73.92804768994446,267.0,72.75800000000001,25.374392375962067,61.07640190600949
675,Electronics,20,73.19,5.85,-6.55,923,991,7.09,73.19,41.5,67.25,80.18,29.099999999999994,56.25749999999999,876.0,Low Performer,58.993260498641135,895.0,58.8585,21.50389000673751,55.571527498315625
676,Pharma,10,79.45,0.59,-7.97,4605,969,9.17,79.45,94.1,60.15,80.62,8.299999999999997,66.1045,537.0,Medium Performer,70.28759669148057,446.0,65.0695,12.229781415670718,67.40505464608232
677,Pharma,18,70.11,3.57,10.74,2350,1525,7.57,70.11,64.30000000000001,46.3,69.5,24.299999999999997,55.86300000000001,888.0,Low Performer,58.49516596951435,905.0,53.682,23.186515685501682,58.88087107862458
678,Food,13,90.45,7.43,14.42,801,1846,7.62,90.45,25.700000000000003,27.900000000000006,63.08,23.799999999999997,48.813,985.0,Low Performer,53.06631693252984,985.0,42.873000000000005,13.5143198585125,56.60892003537188
679,Pharma,15,75.01,1.34,0.12,903,1955,1.72,75.01,86.6,99.4,60.9,82.8,81.71300000000001,33.0,Top Performer,81.80136814368426,57.0,85.622,19.120492085181017,81.32237697870475
680,Pharma,16,89.66,4.37,-7.81,3782,854,4.24,89.66,56.3,60.95,82.92,57.599999999999994,69.9275,348.0,Medium Performer,71.86843169088976,361.0,67.4565,16.14001349482664,71.85499662629334
681,Pharma,17,99.75,6.4,-8.35,2333,458,8.73,99.75,36.0,58.25,90.84,12.699999999999989,59.2865,788.0,Low Performer,64.74934297530426,712.0,58.526500000000006,19.97400544682925,57.11899863829268
682,Pharma,23,72.18,7.57,12.28,1379,545,3.09,72.18,24.299999999999997,38.6,89.1,69.1,56.249,877.0,Low Performer,55.83993865059671,953.0,52.08099999999999,24.828872136960165,60.18778196575996
683,Apparel,23,72.31,6.1,1.6,527,520,2.04,72.31,39.0,92.0,89.6,79.6,70.123,337.0,Medium Performer,69.72759820394658,477.0,75.362,31.0323987351636,64.96940031620909
684,Apparel,21,80.21,5.9,-2.0,2776,1491,3.93,80.21,41.0,90.0,70.18,60.699999999999996,66.971,492.0,Medium Performer,68.74958570246957,528.0,71.865,25.690447019977313,64.05488824500567
685,Food,2,95.99,6.7,1.91,3141,1580,2.98,95.99,33.0,90.45,68.4,70.2,71.4945,285.0,Medium Performer,73.93720907479616,266.0,74.8255,2.3559328296672883,74.20851679258318
686,Electronics,11,76.47,3.85,-2.04,4280,1569,9.33,76.47,61.5,89.8,68.62,6.700000000000003,59.98800000000001,771.0,Low Performer,64.87089070069715,704.0,66.89099999999999,11.824450527747251,58.211387368063185
687,Pharma,9,80.81,6.54,2.23,4555,549,8.81,80.81,34.599999999999994,88.85,89.02,11.899999999999991,57.5025,849.0,Low Performer,62.06444185277087,813.0,64.8665,10.208085644922228,54.275478588769445
688,Electronics,19,72.06,0.56,11.49,1319,1517,5.5,72.06,94.4,42.55,69.66,45.0,67.5665,465.0,Medium Performer,68.8258873921777,524.0,61.9005,29.750431086838994,70.42739222829024
689,Electronics,2,92.89,7.43,4.81,4231,25,1.55,92.89,25.700000000000003,75.95,99.5,84.5,72.53450000000001,242.0,Medium Performer,73.00611655441332,306.0,72.9255,2.1995663517109816,75.22260841207225
690,Food,3,82.25,3.82,7.37,2653,1604,7.43,82.25,61.800000000000004,63.15,67.92,25.700000000000003,61.5295,731.0,Medium Performer,65.27076270825947,689.0,61.5595,3.8876441505578896,66.46558896236053
691,Pharma,2,92.78,4.65,-0.88,1519,252,6.61,92.78,53.5,95.6,94.96,33.89999999999999,71.825,271.0,Medium Performer,75.76621555004135,207.0,77.29699999999998,2.3549414732449243,69.45626463168877
692,Pharma,2,97.11,2.41,8.46,427,1983,9.73,97.11,75.9,57.699999999999996,60.34,2.6999999999999886,63.337,663.0,Medium Performer,69.68597485525227,480.0,61.236,2.580330125829615,68.28241746854259
693,Furniture,10,76.98,6.07,6.67,1730,1240,6.03,76.98,39.3,66.65,75.2,39.699999999999996,58.3765,822.0,Low Performer,60.82678409547441,848.0,60.0585,13.673951745386477,60.57651206365338
694,Electronics,14,94.22,1.07,-7.01,291,921,4.03,94.22,89.3,64.95,81.58,59.699999999999996,80.43149999999999,53.0,Top Performer,82.51299874748906,48.0,76.5495,15.808860218700985,81.85278494532474
695,Electronics,2,71.77,7.04,4.32,969,1304,5.67,71.77,29.599999999999994,78.4,73.92,43.3,56.742999999999995,867.0,Low Performer,58.80807491433296,899.0,61.601,2.683909370578049,60.496522657355484
696,Apparel,14,96.97,6.71,-3.58,119,770,9.81,96.97,32.900000000000006,82.1,84.6,1.8999999999999915,58.471,817.0,Low Performer,64.8966619638426,703.0,63.454,24.518590535616347,51.81285236609591
697,Furniture,21,89.52,2.12,10.1,3974,1812,7.27,89.52,78.8,49.5,63.76,27.30000000000001,65.817,547.0,Medium Performer,69.81970927567058,470.0,61.46,27.58366797560516,67.0090830060987
698,Apparel,23,96.23,6.57,0.65,2136,714,7.05,96.23,34.3,96.75,85.72,29.5,66.42850000000001,521.0,Medium Performer,71.21079458820748,389.0,72.96549999999999,35.02247473715906,56.251881315710236
699,Apparel,8,70.01,6.4,14.87,2057,1880,3.17,70.01,36.0,25.650000000000006,62.4,68.3,53.7505,929.0,Low Performer,53.55150272952854,983.0,46.664500000000004,10.369673600170582,65.98508159995735
700,Apparel,3,75.07,5.24,-7.69,850,1763,7.69,75.07,47.599999999999994,61.55,64.74000000000001,23.099999999999994,54.747499999999995,914.0,Low Performer,58.2235875930521,909.0,56.015499999999996,3.0408230266814957,60.68229424332962
701,Food,7,81.69,3.3,9.51,2829,124,7.75,81.69,67.0,52.45,97.52,22.5,63.3765,660.0,Medium Performer,66.4838959234314,635.0,61.222500000000004,8.785971596154177,65.60100710096145
702,Food,8,81.39,2.54,6.84,4970,1613,3.86,81.39,74.6,65.8,67.74000000000001,61.4,71.99099999999999,260.0,Medium Performer,73.36671050454922,292.0,70.21199999999999,9.07138592606411,77.07965351848397
703,Apparel,15,76.8,2.24,9.19,805,1332,5.35,76.8,77.6,54.050000000000004,73.36,46.5,67.1835,481.0,Medium Performer,68.8676706132577,517.0,64.10849999999999,16.212177908047277,71.17195552298817
704,Furniture,19,81.45,2.89,-2.31,2045,1870,3.65,81.45,71.1,88.45,62.6,63.5,74.43749999999999,184.0,Medium Performer,76.12746177478434,197.0,77.25250000000001,22.524176200471313,73.38145594988217
705,Electronics,16,73.87,7.28,2.3,1371,1516,3.33,73.87,27.200000000000003,88.5,69.68,66.7,62.54400000000001,693.0,Medium Performer,63.51433869786128,754.0,68.162,18.70479974806799,62.26630006298301
706,Furniture,3,82.38,1.08,9.91,2380,406,1.23,82.38,89.2,50.45,91.88,87.7,81.3095,40.0,Top Performer,80.28746212926858,80.0,74.3165,2.964045056524283,89.07898873586892
707,Pharma,11,94.07,6.72,-4.19,159,403,3.57,94.07,32.8,79.05,91.94,64.30000000000001,70.3325,326.0,Medium Performer,72.35373482216707,337.0,71.8805,19.158615486383543,68.00284612840412
708,Food,24,84.37,3.12,-4.35,1066,1108,5.99,84.37,68.8,78.25,77.84,40.099999999999994,70.0525,341.0,Medium Performer,73.00568153137185,307.0,71.82050000000001,32.67778038946654,65.14805490263336
709,Electronics,13,70.54,4.41,3.78,3915,987,1.01,70.54,55.9,81.1,80.26,89.9,73.308,211.0,Medium Performer,72.08383395958879,351.0,75.18400000000001,16.235414639189496,75.02614634020262
710,Electronics,18,82.64,6.46,3.09,74,1515,3.55,82.64,35.400000000000006,84.55,69.7,64.5,66.19449999999999,533.0,Medium Performer,67.87268644688643,569.0,69.8455,21.923568400503502,65.15410789987413
711,Pharma,9,70.82,7.13,-2.94,4988,1136,8.93,70.82,28.700000000000003,85.3,77.28,10.700000000000003,51.084,973.0,Low Performer,55.192605151837405,965.0,59.092,12.964227515319415,49.31394312117014
712,Pharma,12,98.99,3.09,-2.55,2888,306,6.34,98.99,69.1,87.25,93.88,36.6,76.76749999999998,125.0,Medium Performer,80.83663956043955,72.0,79.0335,19.381368869542783,71.32715778261431
713,Apparel,4,73.82,3.96,-3.05,787,1011,6.47,73.82,60.4,84.75,79.78,35.3,64.9965,583.0,Medium Performer,67.55087314191185,588.0,69.7795,5.34806829761006,66.04298292559749
714,Food,7,91.23,3.61,9.29,229,187,4.63,91.23,63.9,53.550000000000004,96.26,53.7,71.7425,278.0,Medium Performer,73.63147125132932,278.0,67.4495,8.569669786698048,75.06508255332548
715,Food,10,99.18,0.6,6.3,281,1248,7.09,99.18,94.0,68.5,75.03999999999999,29.099999999999994,76.853,122.0,Medium Performer,81.43027819922014,62.0,74.48,14.945288143955233,76.8336779640112
716,Furniture,7,94.78,2.72,10.81,1967,976,2.71,94.78,72.8,45.949999999999996,80.48,72.9,76.1545,136.0,Medium Performer,77.26605955334986,160.0,68.58149999999999,8.599302940110205,82.97017426497246
717,Apparel,10,90.98,3.94,14.39,392,324,8.37,90.98,60.6,28.049999999999997,93.52,16.30000000000001,59.26350000000001,792.0,Low Performer,63.23725884438143,763.0,51.9305,12.870629619250202,63.75234259518746
718,Apparel,8,95.18,3.58,1.85,4622,1072,2.05,95.18,64.2,90.75,78.56,79.5,81.9725,30.0,Top Performer,83.4053053527118,35.0,83.4195,11.20161747205094,81.91959563198726
719,Apparel,10,99.45,5.91,-8.33,2673,268,6.9,99.45,40.9,58.35,94.64,31.0,64.4765,603.0,Medium Performer,68.64570632163536,533.0,62.6065,11.227041724251478,65.03073956893712
720,Apparel,19,88.64,3.39,-8.8,504,1749,4.07,88.64,66.1,56.0,65.02000000000001,59.3,69.87899999999999,349.0,Medium Performer,71.89418187403994,359.0,65.94500000000001,14.911829289857588,74.7820426775356
721,Food,13,86.78,4.17,-2.61,4434,16,7.73,86.78,58.3,86.95,99.68,22.69999999999999,68.1595,425.0,Medium Performer,72.1205363346331,347.0,72.8215,14.46879141414195,63.32780214646451
722,Food,9,88.85,3.72,13.31,4675,58,5.95,88.85,62.8,33.45,98.84,40.5,65.3565,568.0,Medium Performer,67.57693602741345,584.0,57.9965,12.191401672882895,69.98964958177928
723,Apparel,9,85.98,6.05,3.08,2326,1571,5.07,85.98,39.5,84.6,68.58,49.3,65.077,580.0,Medium Performer,67.98395202646815,566.0,68.959,12.06459161589272,65.67885209602682
724,Furniture,19,89.05,6.97,-3.21,645,170,2.52,89.05,30.299999999999997,83.95,96.6,74.8,71.5025,284.0,Medium Performer,72.4568818385915,330.0,74.1325,27.902146415767884,66.56196339605803
725,Electronics,21,83.5,4.49,-0.02,3924,1902,6.73,83.5,55.099999999999994,99.9,61.96,32.69999999999999,66.54599999999999,512.0,Medium Performer,70.60926850998463,425.0,73.786,23.533309657748045,61.94167258556298
726,Electronics,16,76.55,6.42,4.96,4580,185,9.77,76.55,35.8,75.2,96.3,2.3000000000000114,53.285000000000004,937.0,Low Performer,57.78822037102682,923.0,58.765,24.258960777429643,47.59775980564259
727,Furniture,8,73.61,2.73,6.32,4547,1624,8.43,73.61,72.7,68.4,67.52000000000001,15.700000000000003,60.41,760.0,Medium Performer,64.17045697743117,736.0,62.309,9.896108528723138,63.02847286781922
728,Apparel,12,72.05,4.56,-6.15,2719,1035,1.54,72.05,54.400000000000006,69.25,79.3,84.6,70.4525,320.0,Medium Performer,69.5408539524991,487.0,70.14750000000001,15.850591590152833,73.79985210246178
729,Food,21,77.9,3.09,14.43,2185,1010,4.39,77.9,69.1,27.849999999999994,79.8,56.1,64.0225,624.0,Medium Performer,64.71050230414745,714.0,55.5425,28.99517358483608,68.52620660379098
730,Electronics,17,71.38,3.61,3.62,4014,1928,9.33,71.38,63.9,81.9,61.44,6.700000000000003,57.157999999999994,861.0,Low Performer,61.684749308755755,825.0,62.870000000000005,15.702336868561426,56.569415782859636
731,Pharma,5,87.02,5.99,-6.61,1615,464,5.53,87.02,40.099999999999994,66.94999999999999,90.72,44.699999999999996,64.1855,615.0,Medium Performer,66.74855547678126,624.0,64.6335,4.995102807373075,66.70622429815673
732,Pharma,7,78.51,7.11,12.34,358,1961,6.96,78.51,28.89999999999999,38.3,60.78,30.400000000000006,48.681,988.0,Low Performer,51.79181718066879,991.0,45.525000000000006,6.946673276105855,57.71583168097354
733,Furniture,23,94.74,1.41,-8.13,392,1677,9.21,94.74,85.9,59.349999999999994,66.46000000000001,7.8999999999999915,67.0255,486.0,Medium Performer,72.71158652959943,324.0,64.7315,32.53219905030457,64.00195023742386
734,Apparel,4,72.23,5.26,12.69,485,285,8.86,72.23,47.400000000000006,36.550000000000004,94.3,11.400000000000006,50.71150000000001,979.0,Low Performer,53.74916741108354,981.0,47.85850000000001,4.555634710608617,56.61859132234785
735,Electronics,10,76.79,4.87,14.91,226,507,5.52,76.79,51.3,25.450000000000003,89.86,44.800000000000004,57.62550000000001,843.0,Low Performer,58.79020002363227,900.0,50.2315,16.055163946649436,64.20870901333764
736,Apparel,11,91.91,1.39,7.51,188,1662,4.94,91.91,86.1,62.45,66.75999999999999,50.599999999999994,75.2615,156.0,Medium Performer,78.04092744889519,141.0,71.72550000000001,13.207427144762969,78.85064321380926
737,Electronics,15,87.96,2.09,9.26,243,685,4.06,87.96,79.1,53.7,86.3,59.400000000000006,74.72800000000001,170.0,Medium Performer,76.14608148410728,196.0,69.747,13.585878455755495,78.21853038606113
738,Furniture,12,71.93,2.83,-1.57,3307,1833,7.47,71.93,71.7,92.15,63.34,25.299999999999997,64.7205,596.0,Medium Performer,68.16822975304265,555.0,71.1075,12.786197974307557,64.0359505064231
739,Furniture,19,96.32,1.75,13.54,3285,1061,3.58,96.32,82.5,32.30000000000001,78.78,64.2,75.084,158.0,Medium Performer,76.66560444286895,177.0,64.577,23.24603018023344,79.94349245494163
740,Pharma,23,96.32,2.33,3.24,992,1366,3.25,96.32,76.7,83.8,72.68,67.5,81.40899999999999,38.0,Top Performer,83.66187491433297,31.0,81.327,29.969873375290003,77.63753165617749
741,Apparel,13,79.91,2.51,8.31,4670,1034,4.21,79.91,74.9,58.449999999999996,79.32,57.9,70.9775,298.0,Medium Performer,72.1172247902635,348.0,68.0365,13.039421906985828,74.91764452325354
742,Pharma,24,80.21,3.02,13.1,3929,1221,2.59,80.21,69.8,34.5,75.58,74.1,69.066,387.0,Medium Performer,68.95673281342313,514.0,60.75,31.5287077046701,73.14532307383247
743,Apparel,13,99.67,6.12,14.38,3163,65,7.26,99.67,38.8,28.099999999999994,98.7,27.400000000000006,59.166,797.0,Low Performer,63.079397400449004,772.0,51.509,17.77241116831949,62.024397207920124
744,Pharma,14,88.79,4.79,10.83,3012,556,6.55,88.79,52.1,45.85,88.88,34.5,62.32749999999999,701.0,Medium Performer,65.36085626846271,684.0,58.2885,15.005346721245074,65.09616331968874
745,Food,14,85.94,7.9,-2.42,4886,1145,5.35,85.94,21.0,87.9,77.1,46.5,61.227000000000004,739.0,Medium Performer,64.2640424672102,732.0,66.838,22.31364019376561,57.7815899515586
746,Food,20,95.14,3.61,14.16,1003,1831,4.51,95.14,63.9,29.200000000000003,63.38,54.900000000000006,66.215,531.0,Medium Performer,68.66802831147348,532.0,56.601000000000006,21.869363906597773,73.01765902335055
747,Food,20,78.56,6.15,5.7,1352,1343,9.18,78.56,38.5,71.5,73.14,8.200000000000003,52.872,943.0,Low Performer,57.57062899680964,926.0,56.980999999999995,20.000487703137825,51.31487807421554
748,Food,24,82.88,7.04,13.27,3431,45,1.26,82.88,29.599999999999994,33.650000000000006,99.1,87.4,64.7015,598.0,Medium Performer,63.62543516483516,750.0,57.293499999999995,21.459731929312603,69.60506701767184
749,Electronics,15,78.03,5.59,6.9,2930,448,7.92,78.03,44.1,65.5,91.03999999999999,20.799999999999997,57.522999999999996,847.0,Low Performer,60.88988034975777,847.0,59.574999999999996,21.661922096076488,55.31701947598087
750,Food,5,93.67,3.59,-2.32,2237,1762,9.12,93.67,64.1,88.4,64.75999999999999,8.800000000000011,65.622,560.0,Medium Performer,71.71730953562566,367.0,70.29,6.0228828773459036,65.13677928066352
751,Furniture,14,87.2,6.15,-0.75,4937,1625,5.02,87.2,38.5,96.25,67.5,49.800000000000004,66.9325,494.0,Medium Performer,70.09135483870966,457.0,73.0475,15.457999229499709,65.01050019262507
752,Furniture,9,89.76,2.03,3.76,595,1859,5.96,89.76,79.7,81.2,62.82,40.4,73.395,208.0,Medium Performer,77.04153520028359,167.0,74.654,8.14655081622271,75.42836229594431
753,Electronics,24,77.57,2.96,9.75,1977,604,9.5,77.57,70.4,51.25,87.92,5.0,58.3505,824.0,Low Performer,62.43437977076685,801.0,57.0735,26.93159556687857,56.50960110828036
754,Food,22,76.61,4.6,-2.05,4202,1610,2.91,76.61,54.0,89.75,67.8,70.9,70.9055,302.0,Medium Performer,71.7462405293631,365.0,74.9495,36.87835970577489,66.15791007355628
755,Food,24,84.65,4.82,4.49,54,1358,5.68,84.65,51.8,77.55,72.84,43.2,65.9015,544.0,Medium Performer,68.85184327070779,522.0,68.1965,18.506459981946634,65.28588500451333
756,Food,20,92.13,0.67,-1.36,3531,1673,5.27,92.13,93.3,93.2,66.53999999999999,47.300000000000004,81.05799999999999,42.0,Top Performer,84.47028150773957,24.0,83.45499999999998,21.4733663958698,77.81415840103256
757,Pharma,13,85.76,7.59,10.39,3303,316,3.33,85.76,24.099999999999994,48.05,93.68,66.7,61.6685,723.0,Medium Performer,62.475673614557486,798.0,58.16250000000001,20.261238322109744,64.07469041947256
758,Apparel,19,70.98,5.72,1.67,1412,1567,8.37,70.98,42.800000000000004,91.65,68.66,16.30000000000001,55.86750000000001,887.0,Low Performer,59.83494507857734,875.0,64.14450000000001,27.546097578864185,50.633475605283955
759,Pharma,7,96.06,4.22,-8.08,1870,1761,9.1,96.06,57.800000000000004,59.6,64.78,9.0,60.486,758.0,Medium Performer,66.37107075505139,640.0,59.46000000000001,7.601124064406205,63.81471898389845
760,Apparel,19,71.94,7.5,-5.85,2713,628,8.04,71.94,25.0,70.75,87.44,19.60000000000001,51.1085,972.0,Low Performer,54.33131442750798,977.0,55.83449999999999,23.573661368354163,48.24158465791146
761,Food,20,98.67,3.79,-8.47,2988,1142,2.76,98.67,62.1,57.65,77.16,72.4,75.9695,141.0,Medium Performer,77.69121287959352,149.0,70.90750000000001,25.851749618777635,76.82956259530559
762,Food,23,70.75,7.85,2.48,1323,1405,1.78,70.75,21.5,87.6,71.9,82.2,63.36999999999999,661.0,Medium Performer,63.08137279924376,771.0,68.63,28.215657476313428,61.55858563092164
763,Pharma,6,90.83,4.34,-7.34,3376,366,6.45,90.83,56.6,63.3,92.68,35.5,67.262,479.0,Medium Performer,70.53107290558903,430.0,66.234,9.341340251531012,68.39716493711725
764,Pharma,10,72.47,1.36,-7.15,3709,190,1.51,72.47,86.4,64.25,96.2,84.9,79.5785,65.0,Medium Performer,78.10514985229823,139.0,76.6165,12.679508410915904,82.77262289727102
765,Apparel,4,97.32,6.24,13.53,2995,1389,7.06,97.32,37.599999999999994,32.35000000000001,72.22,29.400000000000006,56.5505,871.0,Low Performer,60.77977702942219,850.0,49.938500000000005,5.70841303277043,64.65289674180738
766,Furniture,11,83.93,5.59,11.82,3068,1709,5.77,83.93,44.1,40.9,65.82,42.300000000000004,57.381,852.0,Low Performer,60.00013607467801,868.0,52.848,13.599517292010354,64.18262067699742
767,Apparel,20,74.13,6.3,1.3,1181,77,6.97,74.13,37.0,93.5,98.46,30.299999999999997,61.42,734.0,Medium Performer,64.15820207964079,737.0,69.342,15.870444749094137,56.38988881272647
768,Pharma,4,80.22,7.64,14.65,4813,301,6.31,80.22,23.60000000000001,26.75,93.98,36.900000000000006,50.75650000000001,978.0,Low Performer,52.746024034030484,987.0,45.05950000000001,3.8460697973148132,59.218482550671304
769,Pharma,23,74.94,6.32,-10.0,2686,701,4.8,74.94,36.8,50.0,85.98,52.0,58.18,831.0,Low Performer,59.24049280397023,888.0,56.245999999999995,23.069561893192283,60.16760952670192
770,Electronics,16,75.12,5.09,5.35,3079,190,2.81,75.12,49.1,73.25,96.2,71.9,69.79849999999999,352.0,Medium Performer,69.65705118752216,482.0,70.8865,18.40228525671678,69.4294286858208
771,Pharma,2,98.44,6.93,5.41,3069,1499,3.75,98.44,30.700000000000003,72.95,70.02,62.5,67.6515,462.0,Medium Performer,70.50089722320689,431.0,67.73750000000001,3.2313656956057564,72.10215857609856
772,Electronics,8,83.36,5.55,1.44,4427,443,5.72,83.36,44.5,92.8,91.14,42.800000000000004,67.727,457.0,Medium Performer,70.47112811059907,434.0,73.586,10.179858340600722,65.12003541484982
773,Furniture,13,93.66,3.56,-0.08,3209,1497,6.87,93.66,64.4,99.6,70.06,31.299999999999997,72.40400000000001,248.0,Medium Performer,77.10577797471346,164.0,78.17299999999999,15.324950934631609,68.5087622663421
774,Apparel,18,89.19,7.14,1.38,303,1714,8.02,89.19,28.60000000000001,93.1,65.72,19.80000000000001,58.403999999999996,821.0,Low Performer,63.66980304856433,748.0,65.685,26.058808786160334,52.88279780345992
775,Apparel,22,90.29,2.16,0.37,378,923,7.9,90.29,78.4,98.15,81.53999999999999,21.0,73.7635,201.0,Medium Performer,78.5429846390169,123.0,79.39450000000001,20.011711827792308,67.41957204305191
776,Electronics,21,73.95,5.86,8.26,2641,1567,9.75,73.95,41.4,58.7,68.66,2.5,48.705999999999996,987.0,Low Performer,53.320929859387924,984.0,50.855999999999995,23.143280285377397,48.676679928655645
777,Apparel,6,77.03,7.11,-6.62,2880,75,3.57,77.03,28.89999999999999,66.9,98.5,64.30000000000001,63.07900000000001,680.0,Medium Performer,63.52371887037693,753.0,64.096,6.4352056152719515,65.94869859618201
778,Pharma,5,93.6,5.98,-5.06,3094,1054,1.64,93.6,40.199999999999996,74.7,78.92,83.6,73.947,197.0,Medium Performer,74.87615086848635,227.0,73.337,6.398041559468137,77.75048961013296
779,Food,13,99.12,5.73,-5.49,1470,1645,4.11,99.12,42.699999999999996,72.55,67.1,58.9,69.7835,353.0,Medium Performer,72.9140114852889,311.0,69.3015,17.929174360120314,70.69770640996991
780,Electronics,21,77.88,6.14,-3.44,3451,393,7.69,77.88,38.6,82.8,92.14,23.099999999999994,59.267999999999994,791.0,Low Performer,62.72339116152664,789.0,64.955,27.180239318514364,53.099940170371404
781,Apparel,19,78.15,3.99,3.13,2942,1845,4.94,78.15,60.099999999999994,84.35,63.1,50.599999999999994,67.5525,467.0,Medium Performer,69.8010502185986,473.0,71.0725,24.651802636231864,66.04954934094204
782,Electronics,18,84.19,7.06,-7.22,704,1648,8.36,84.19,29.400000000000006,63.9,67.03999999999999,16.400000000000006,52.176,954.0,Low Performer,56.838188585607945,939.0,54.247,20.300007170815395,52.42249820729615
783,Electronics,20,99.52,2.03,11.7,809,1592,5.94,99.52,79.7,41.5,68.16,40.599999999999994,70.94200000000001,300.0,Medium Performer,74.63942911497105,238.0,63.275,25.28303943246456,73.63424014188385
784,Food,10,78.07,1.46,-2.57,1848,48,9.37,78.07,85.4,87.15,99.04,6.300000000000011,69.00750000000001,389.0,Medium Performer,73.24981079995274,294.0,74.0455,10.32032425843922,64.8624189353902
785,Pharma,5,82.21,2.64,-5.94,3021,1318,9.53,82.21,73.6,70.3,73.64,4.700000000000003,61.91199999999999,716.0,Medium Performer,66.91872754342431,613.0,63.836,6.674138935007799,63.45896526624804
786,Electronics,22,96.74,4.49,6.89,4561,831,1.62,96.74,55.099999999999994,65.55000000000001,83.38,83.8,77.7275,99.0,Medium Performer,78.58855365709559,120.0,74.2185,24.19734677948139,77.86066330512965
787,Apparel,3,70.09,4.33,-9.05,3476,611,5.11,70.09,56.7,54.75,87.78,48.9,61.9725,714.0,Medium Performer,62.801860758596234,784.0,60.6335,2.9270942638197757,68.19072643404505
788,Furniture,5,71.19,6.65,5.5,304,1630,6.49,71.19,33.5,72.5,67.4,35.099999999999994,54.367000000000004,918.0,Low Performer,56.94779007444168,938.0,58.318000000000005,6.037819435832085,58.438045141041975
789,Electronics,3,88.12,3.53,7.45,3873,794,3.3,88.12,64.7,62.75,84.12,67.0,73.83550000000001,200.0,Medium Performer,75.02043424317617,224.0,70.9885,2.452130301393187,79.3419674246517
790,Electronics,16,97.22,4.13,-4.63,1926,1369,4.66,97.22,58.7,76.85,72.62,53.4,73.31049999999999,210.0,Medium Performer,76.5196518964906,184.0,73.35350000000001,23.917984230387223,71.3505039424032
791,Food,3,77.17,0.6,-8.95,2807,1221,7.1,77.17,94.0,55.25,75.58,29.0,68.2965,420.0,Medium Performer,71.02127134585844,395.0,65.4795,4.078259398147019,74.02293515046324
792,Pharma,5,84.09,3.57,-0.91,2674,680,3.04,84.09,64.30000000000001,95.45,86.4,69.6,78.1795,91.0,Medium Performer,79.31000725511046,103.0,82.16550000000001,6.336969850247803,77.91325753743806
793,Furniture,7,83.51,5.36,-7.54,4171,1276,6.42,83.51,46.4,62.3,74.48,35.8,60.605999999999995,755.0,Medium Performer,63.71881942573555,747.0,60.60499999999999,6.12684135644735,64.89578966088817
794,Apparel,8,84.19,0.62,-7.09,3054,1106,7.28,84.19,93.8,64.55,77.88,27.200000000000003,71.61749999999999,282.0,Medium Performer,75.07095895072669,223.0,70.0585,8.479695707082536,74.17757607322936
795,Furniture,11,88.68,2.61,-3.64,4566,488,1.81,88.68,73.9,81.8,90.24,81.9,82.75300000000001,25.0,Top Performer,83.12543228169679,38.0,82.455,13.289228556718076,82.79769286082049
796,Apparel,20,84.09,2.06,-2.61,3784,570,5.48,84.09,79.4,86.95,88.6,45.199999999999996,76.0195,139.0,Medium Performer,78.47329533262435,126.0,78.7705,22.947580915899167,71.43560477102521
797,Pharma,20,83.42,0.81,3.25,1294,110,3.37,83.42,91.9,83.75,97.8,66.3,83.60350000000001,17.0,Top Performer,84.36146475245184,25.0,84.1015,17.24574013821011,81.09356496544747
798,Apparel,23,84.23,4.09,6.96,1058,523,7.52,84.23,59.1,65.2,89.53999999999999,24.80000000000001,63.73800000000001,642.0,Medium Performer,67.27422738981448,597.0,64.16000000000001,21.544426574533748,61.64639335636657
799,Food,13,87.73,1.86,4.82,4364,1789,2.71,87.73,81.4,75.9,64.22,72.9,79.056,75.0,Medium Performer,80.35960848398913,77.0,77.748,14.863954568024697,81.79151135799383
800,Food,4,86.11,6.07,-6.29,1560,185,9.03,86.11,39.3,68.55,96.3,9.700000000000003,57.5105,848.0,Low Performer,62.15165586671394,809.0,60.1595,3.773368481132934,57.83415787971677
801,Food,14,95.62,6.86,-5.7,2009,247,4.88,95.62,31.39999999999999,71.5,95.06,51.2,67.007,488.0,Medium Performer,69.81708739217771,471.0,67.61500000000001,20.639884506873134,64.39502887328172
802,Food,19,71.48,4.59,11.97,2558,919,2.78,71.48,54.1,40.15,81.62,72.2,63.593500000000006,653.0,Medium Performer,62.9733573909961,777.0,58.16049999999999,24.679245765742163,68.27518855856447
803,Furniture,9,95.0,7.86,3.96,4808,1092,4.94,95.0,21.39999999999999,80.2,78.16,50.599999999999994,63.815999999999995,636.0,Medium Performer,67.14160467919177,603.0,66.756,9.353764603369743,64.41155884915756
804,Pharma,22,95.32,3.88,11.75,2732,1898,4.68,95.32,61.2,41.25,62.04,53.2,66.92750000000001,495.0,Medium Performer,69.7136375753279,479.0,59.9255,31.54428124326914,69.5439296891827
805,Apparel,16,78.55,4.35,-0.71,1039,1132,4.86,78.55,56.5,96.45,77.36,51.4,70.1735,333.0,Medium Performer,72.28963032021741,339.0,76.2135,22.296661083755804,66.03833472906105
806,Apparel,2,83.89,7.92,5.36,4334,1987,6.27,83.89,20.799999999999997,73.2,60.26,37.300000000000004,54.83299999999999,911.0,Low Performer,58.45008505258183,906.0,58.179,2.5155833425547676,59.868604164361315
807,Food,4,83.16,2.24,3.09,304,880,5.69,83.16,77.6,84.55,82.4,43.099999999999994,73.8905,198.0,Medium Performer,76.51292397494977,185.0,76.4495,4.768331013228837,74.7729172466928
808,Food,9,76.56,7.57,-2.02,4213,1987,2.35,76.56,24.299999999999997,89.9,60.26,76.5,63.854,632.0,Medium Performer,64.63165236913623,717.0,69.13799999999999,10.262747145186287,66.77431321370344
809,Electronics,5,81.9,0.82,1.75,4761,504,1.59,81.9,91.8,91.25,89.92,84.1,87.0195,5.0,Top Performer,86.79653985584308,8.0,88.2845,5.460061292218343,88.08498467694542
810,Pharma,17,71.33,3.85,2.56,4502,956,7.56,71.33,61.5,87.2,80.88,24.400000000000006,62.822,686.0,Medium Performer,65.89173496396076,663.0,68.83399999999999,15.854907474693297,60.34377313132668
811,Furniture,24,78.33,1.03,-4.98,305,1547,6.04,78.33,89.7,75.1,69.06,39.6,72.015,259.0,Medium Performer,74.58675613848516,239.0,72.737,36.1359780244704,67.8735054938824
812,Apparel,11,94.5,5.97,-2.12,1057,764,4.23,94.5,40.300000000000004,89.4,84.72,57.699999999999996,71.847,267.0,Medium Performer,74.5852406711568,240.0,75.377,12.054870918703323,70.11128227032417
813,Electronics,13,78.54,5.06,9.79,1805,1330,8.28,78.54,49.400000000000006,51.050000000000004,73.4,17.200000000000003,54.349500000000006,919.0,Low Performer,58.126236370081536,912.0,53.3755,15.673321585252065,57.36666960368699
814,Electronics,15,94.55,5.8,12.89,2621,220,4.49,94.55,42.0,35.55,95.6,55.099999999999994,64.77749999999999,593.0,Medium Performer,66.68915490960651,630.0,57.5775,15.269256431098142,69.09518589222546
815,Apparel,15,85.95,3.31,-1.01,3958,1156,8.16,85.95,66.9,94.95,76.88,18.400000000000006,68.1205,426.0,Medium Performer,72.84492853598015,319.0,74.25050000000002,17.22164845017201,63.507087887457004
816,Furniture,3,96.4,3.27,-2.33,3047,1262,3.75,96.4,67.3,88.35,74.76,62.5,78.9735,76.0,Medium Performer,81.61648037339003,61.0,80.5135,5.310466454321846,80.22238338641954
817,Electronics,24,87.24,0.84,-5.12,2853,1627,1.66,87.24,91.6,74.4,67.46000000000001,83.4,83.658,16.0,Top Performer,84.11672596006143,28.0,81.06400000000001,25.31521006202291,84.23119748449426
818,Electronics,6,70.89,3.12,6.96,3815,1689,9.39,70.89,68.8,65.2,66.22,6.099999999999994,56.089,880.0,Low Performer,60.25821602268698,859.0,58.295,8.938314929449861,59.21292126763753
819,Pharma,6,90.26,7.47,-1.92,4429,1421,4.55,90.26,25.299999999999997,90.4,71.58,54.5,65.021,582.0,Medium Performer,68.00357305919886,565.0,70.08500000000001,7.1666333794153205,65.72334165514617
820,Furniture,7,71.35,3.34,14.69,3433,149,8.13,71.35,66.6,26.549999999999997,97.02,18.69999999999999,55.47949999999999,897.0,Low Performer,57.69636320453739,924.0,49.3895,9.351913848892504,61.82452153777687
821,Electronics,14,83.52,6.74,-1.86,148,550,3.51,83.52,32.599999999999994,90.7,89.0,64.9,68.69099999999999,400.0,Medium Performer,70.1050853361692,455.0,73.604,20.284824715109504,65.18379382122262
822,Furniture,10,97.88,6.82,-0.15,246,1424,6.82,97.88,31.799999999999997,99.25,71.52,31.799999999999997,65.7135,554.0,Medium Performer,70.81803611012643,409.0,72.59549999999999,12.544534768811994,62.233866307797
823,Apparel,23,74.96,3.3,5.08,2579,279,8.86,74.96,67.0,74.6,94.42,11.400000000000006,62.15,706.0,Medium Performer,65.8370855961243,664.0,65.654,25.982147080650666,56.84446322983733
824,Food,16,81.7,5.24,10.04,927,1792,1.37,81.7,47.599999999999994,49.800000000000004,64.16,86.3,67.556,466.0,Medium Performer,67.33827205482689,593.0,62.651,18.604508869496193,74.24887278262595
825,Electronics,15,91.9,1.22,1.74,1918,1045,8.48,91.9,87.8,91.3,79.1,15.199999999999989,74.16499999999999,194.0,Medium Performer,79.34736559139785,102.0,78.085,17.542714555060986,69.33932136123475
826,Pharma,8,96.47,1.28,0.57,2715,1900,6.14,96.47,87.2,97.15,62.0,38.6,79.2335,69.0,Medium Performer,83.7088010398204,30.0,82.72650000000002,12.58299289106466,77.42175177723385
827,Apparel,21,90.13,0.86,14.89,1438,1422,6.47,90.13,91.4,25.549999999999997,71.56,35.3,67.93749999999999,442.0,Medium Performer,70.91427451258419,402.0,57.69949999999999,18.966671735926358,74.46583206601842
828,Furniture,3,77.75,4.86,-9.74,2465,1370,5.71,77.75,51.4,51.3,72.6,42.9,59.709999999999994,780.0,Low Performer,61.79518586789553,823.0,57.48,2.537563825324324,67.37810904366891
829,Apparel,8,90.24,3.7,12.38,619,515,8.87,90.24,63.0,38.099999999999994,89.7,11.300000000000011,59.767,779.0,Low Performer,64.21543062743707,735.0,54.647999999999996,6.873515332483572,64.41662116687911
830,Electronics,7,78.9,4.61,-6.27,2687,1139,1.39,78.9,53.9,68.65,77.22,86.1,72.3845,249.0,Medium Performer,71.93122046555595,358.0,71.2245,7.148495992998608,77.93787600175034
831,Furniture,18,91.55,4.41,9.65,1115,41,3.35,91.55,55.9,51.75,99.18,66.5,72.4205,247.0,Medium Performer,73.46595524045846,285.0,67.49549999999999,24.120299077914105,72.45742523052147
832,Food,3,98.62,3.13,5.45,471,1107,8.88,98.62,68.7,72.75,77.86,11.199999999999989,67.69949999999999,458.0,Medium Performer,73.49760907479617,284.0,68.3925,4.0568515754425185,68.61578710613936
833,Apparel,4,91.64,5.58,-1.45,2933,1204,7.77,91.64,44.2,92.75,75.92,22.30000000000001,64.5065,602.0,Medium Performer,69.50572884319982,491.0,70.5675,4.313997886874634,63.456500528281346
834,Electronics,6,95.89,6.19,11.85,1254,1882,1.16,95.89,38.099999999999994,40.75,62.36,88.4,68.32050000000001,417.0,Medium Performer,68.99326453976131,512.0,60.55650000000001,7.165810166808193,78.80604745829795
835,Pharma,6,70.06,0.61,-9.68,594,1102,5.65,70.06,93.9,51.6,77.96000000000001,43.5,68.729,398.0,Medium Performer,69.8894345976604,465.0,65.173,5.860441637894598,75.39988959052636
836,Furniture,2,91.53,2.05,-4.33,4216,822,5.77,91.53,79.5,78.35,83.56,42.300000000000004,75.9025,143.0,Medium Performer,79.08677161762968,112.0,76.3295,1.9905790850374527,77.83485522874064
837,Apparel,9,94.89,5.85,4.17,3689,371,4.61,94.89,41.5,79.15,92.58,53.9,70.7525,309.0,Medium Performer,73.44788840836583,287.0,72.3235,11.84376031022078,69.6115599224448
838,Apparel,13,71.22,3.4,-1.21,1273,1682,3.68,71.22,66.0,93.95,66.36,63.199999999999996,71.2345,291.0,Medium Performer,72.19444542124542,344.0,76.44250000000001,18.323978558881834,70.52400536027955
839,Food,5,96.15,5.47,5.26,3222,1466,7.14,96.15,45.300000000000004,73.7,70.68,28.60000000000001,64.013,625.0,Medium Performer,68.78549263854426,526.0,65.44300000000001,5.5231811755698565,66.13170470610754
840,Food,14,77.7,3.1,-9.4,817,938,2.87,77.7,69.0,53.0,81.24,71.3,70.894,303.0,Medium Performer,70.9206304620111,399.0,66.709,21.37804233832625,74.15548941541843
841,Pharma,24,89.96,3.43,-7.09,3707,109,8.19,89.96,65.69999999999999,64.55,97.82,18.10000000000001,66.4975,518.0,Medium Performer,70.68071326952617,419.0,66.22149999999999,33.43490567417332,60.08127358145667
842,Pharma,16,94.01,1.69,-6.82,704,1691,8.23,94.01,83.1,65.9,66.18,17.69999999999999,69.02099999999999,388.0,Medium Performer,74.13694042301783,259.0,67.76,24.293522727217763,67.62911931819556
843,Electronics,12,89.88,2.44,-5.27,2496,18,4.74,89.88,75.6,73.65,99.64,52.599999999999994,77.3955,106.0,Medium Performer,79.41136717476073,100.0,76.72749999999999,13.677748634172197,76.10056284145695
844,Electronics,11,72.77,5.04,1.48,270,1607,3.55,72.77,49.6,92.6,67.86,64.5,67.807,449.0,Medium Performer,68.82667595415336,523.0,73.345,16.545509740391818,67.58112256490205
845,Pharma,4,87.89,3.75,8.8,3716,706,3.55,87.89,62.5,56.0,85.88,64.5,71.88000000000001,265.0,Medium Performer,73.08541895308991,299.0,67.941,6.54363411198062,77.08659147200484
846,Pharma,23,86.49,6.31,12.64,4327,1062,5.34,86.49,36.900000000000006,36.8,78.76,46.6,57.888,838.0,Low Performer,60.12961855134113,864.0,52.424,25.70241934656231,61.07189516335942
847,Furniture,15,97.01,6.89,10.88,4452,1926,7.48,97.01,31.10000000000001,45.599999999999994,61.48,25.19999999999999,54.906,910.0,Low Performer,59.823057520973656,876.0,51.510000000000005,17.53749288489574,58.94312677877606
848,Food,17,82.13,4.56,-5.08,2619,1147,4.23,82.13,54.400000000000006,74.6,77.06,57.699999999999996,68.67500000000001,401.0,Medium Performer,70.36599080704242,440.0,69.777,17.17775709181824,69.26306072704544
849,Electronics,11,79.63,6.19,1.03,1063,471,6.49,79.63,38.099999999999994,94.85,90.58,35.099999999999994,63.7195,644.0,Medium Performer,66.7449958643507,625.0,71.0665,10.682726788446178,60.536818302888456
850,Food,11,92.5,2.8,-5.01,2101,930,4.44,92.5,72.0,74.95,81.4,55.599999999999994,76.2525,133.0,Medium Performer,78.69195628027884,118.0,75.6125,10.708387049214151,77.34790323769647
851,Food,13,82.38,3.61,-3.39,4035,1176,3.74,82.38,63.9,83.05,76.48,62.599999999999994,73.31450000000001,209.0,Medium Performer,74.7983245893891,231.0,75.36149999999999,13.490188057353038,73.84745298566173
852,Pharma,10,89.38,5.85,2.59,4993,399,1.22,89.38,41.5,87.05,92.02,87.8,77.00849999999998,114.0,Medium Performer,77.24436365355074,162.0,79.0155,12.549475957971142,76.53263101050722
853,Furniture,2,89.39,3.4,-8.3,4949,641,1.04,89.39,66.0,58.5,87.18,89.6,78.73,79.0,Medium Performer,78.43572144629563,128.0,73.711,2.0923201842314594,85.72441995394213
854,Apparel,6,96.64,4.91,-4.55,4360,691,3.04,96.64,50.9,77.25,86.18,69.6,75.8425,145.0,Medium Performer,77.72984752451848,147.0,75.6035,7.4929950655042425,77.41175123362393
855,Furniture,21,87.96,1.89,13.38,3069,166,4.66,87.96,81.1,33.099999999999994,96.68,53.4,71.976,263.0,Medium Performer,73.2597059907834,293.0,63.07499999999999,26.312349635018798,74.0369125912453
856,Furniture,9,85.06,5.0,1.65,3731,344,8.66,85.06,50.0,91.75,93.12,13.400000000000006,63.7725,639.0,Medium Performer,68.44236303911143,538.0,70.4465,9.953776091026118,59.62655597724348
857,Food,12,74.17,6.96,1.13,1493,1894,8.19,74.17,30.400000000000006,94.35,62.12,18.10000000000001,53.83550000000001,925.0,Low Performer,58.1616240103982,911.0,62.8635,14.249670949033668,52.10508226274159
858,Furniture,13,73.47,7.01,-9.64,4246,269,3.4,73.47,29.900000000000006,51.8,94.62,66.0,59.94800000000001,773.0,Low Performer,59.87895852534562,872.0,58.166000000000004,14.227427779015587,63.785643055246105
859,Electronics,2,74.63,5.93,-3.82,3060,91,3.2,74.63,40.7,80.9,98.18,68.0,68.11699999999999,428.0,Medium Performer,68.29354838709676,546.0,71.399,2.275704090689419,70.26357397732764
860,Food,23,75.16,6.09,11.66,622,763,3.05,75.16,39.1,41.7,84.74,69.5,60.952000000000005,745.0,Medium Performer,60.80843733900508,849.0,56.346000000000004,23.87923031746461,64.97019242063385
861,Electronics,21,89.14,4.68,-5.88,1382,1474,4.05,89.14,53.2,70.6,70.52,59.5,69.584,367.0,Medium Performer,71.77504657922722,364.0,69.155,25.55323969708783,69.07169007572804
862,Apparel,12,92.23,4.89,0.38,4803,1978,5.48,92.23,51.1,98.1,60.44,45.199999999999996,70.243,330.0,Medium Performer,74.1908795226279,256.0,75.825,12.9586899228964,68.8928275192759
863,Food,6,85.9,1.5,-9.64,4052,1205,4.95,85.9,85.0,51.8,75.9,50.5,72.47999999999999,245.0,Medium Performer,74.47544050573083,244.0,67.47500000000001,5.800720948874645,78.89981976278133
864,Apparel,16,94.87,3.83,1.96,3184,1264,2.96,94.87,61.7,90.2,74.72,70.4,78.968,77.0,Medium Performer,81.0435877348458,68.0,80.916,21.09897244431532,76.46775688892117
865,Food,6,99.74,3.88,-9.47,4136,729,2.17,99.74,61.2,52.65,85.42,78.3,77.3215,108.0,Medium Performer,78.507096561503,124.0,70.9025,7.952749441542556,82.82181263961436
866,Pharma,13,94.6,7.69,10.49,275,84,1.11,94.6,23.099999999999994,47.55,98.32,88.9,68.8995,392.0,Medium Performer,68.85465671747606,520.0,63.3495,18.490416192674676,72.02739595183132
867,Furniture,6,90.85,3.73,10.62,4250,1303,2.39,90.85,62.7,46.900000000000006,73.94,76.1,72.57900000000001,240.0,Medium Performer,73.38716620583716,290.0,65.934,5.970723150474986,80.91981921238126
868,Pharma,18,85.97,4.62,9.69,2047,1932,7.35,85.97,53.8,51.550000000000004,61.36,26.5,58.40950000000001,820.0,Low Performer,62.39133045019496,802.0,56.1075,19.868661695840448,61.600334576039884
869,Apparel,18,83.47,4.5,-2.92,821,635,3.19,83.47,55.0,85.4,87.3,68.1,73.95100000000001,196.0,Medium Performer,75.01316769467093,225.0,76.52900000000001,22.429783458323005,71.03505413541924
870,Furniture,13,72.53,5.28,10.93,4574,71,5.22,72.53,47.199999999999996,45.35,98.58,47.800000000000004,59.7795,778.0,Low Performer,60.548260782228525,853.0,56.846500000000006,14.294696320288123,63.30882591992797
871,Food,16,81.98,6.11,3.57,483,883,6.32,81.98,38.9,82.15,82.34,36.8,62.2355,703.0,Medium Performer,65.31936764740635,687.0,66.6825,21.026918348185028,59.163270412953736
872,Furniture,16,97.3,2.19,-0.65,3149,329,8.98,97.3,78.1,96.75,93.42,10.199999999999989,74.60949999999998,177.0,Medium Performer,80.34069441096537,79.0,79.8145,20.793385239948595,66.20165369001285
873,Electronics,7,94.24,4.47,5.63,2779,111,9.0,94.24,55.300000000000004,71.85,97.78,10.0,64.6525,600.0,Medium Performer,69.82880912206073,469.0,66.3335,9.071013498667492,62.617246625333124
874,Furniture,13,76.48,6.69,-9.69,3457,1462,7.71,76.48,33.099999999999994,51.550000000000004,70.76,22.900000000000006,50.607499999999995,980.0,Low Performer,54.00283637008153,980.0,50.469500000000004,19.395134806591084,53.27121629835223
875,Electronics,21,84.0,3.97,-6.43,3190,883,1.32,84.0,60.3,67.85,82.34,86.8,76.04650000000001,138.0,Medium Performer,75.78470773957226,205.0,73.86149999999999,27.90512371272549,75.79871907181862
876,Furniture,19,94.5,2.59,8.56,915,1755,6.18,94.5,74.1,57.199999999999996,64.9,38.2,69.58500000000001,366.0,Medium Performer,73.37332269880656,291.0,65.96,23.38478622362942,70.85380344409265
877,Electronics,15,72.02,5.41,-3.9,2843,963,8.08,72.02,45.9,80.5,80.74,19.200000000000003,57.06999999999999,864.0,Low Performer,60.50523653550749,854.0,62.713,17.41939354021039,54.925151614947396
878,Apparel,3,81.62,6.68,4.95,2961,264,1.16,81.62,33.2,75.25,94.72,88.4,71.22550000000001,292.0,Medium Performer,70.6529972822876,423.0,72.0335,3.52568153509391,74.92357961622653
879,Pharma,10,95.56,0.97,-0.37,2465,1565,5.95,95.56,90.3,98.15,68.7,40.5,80.93549999999999,43.0,Top Performer,85.07983003663001,19.0,84.4695,9.871579692319854,79.12210507692004
880,Food,6,82.12,6.33,11.37,300,579,8.72,82.12,36.7,43.150000000000006,88.42,12.799999999999997,51.685500000000005,962.0,Low Performer,55.64618220489188,958.0,49.6285,5.081147775659974,56.634713056085005
881,Furniture,21,72.33,6.66,13.81,3807,121,5.27,72.33,33.400000000000006,30.950000000000003,97.58,47.300000000000004,53.9095,922.0,Low Performer,54.577073969041706,972.0,48.8315,27.147775736470468,56.47055606588239
882,Pharma,2,86.28,3.96,12.09,4706,994,1.04,86.28,60.4,39.55,80.12,89.6,72.8485,229.0,Medium Performer,72.22617695852534,341.0,64.6305,2.8894531750252264,83.34763670624369
883,Food,24,95.85,7.87,-3.23,968,1346,1.1,95.85,21.299999999999997,83.85,73.08,89.0,71.7655,277.0,Medium Performer,72.8589682382134,315.0,73.43549999999999,27.215448368146863,69.73363790796328
884,Food,4,87.71,6.4,-5.15,1223,1007,4.75,87.71,36.0,74.25,79.86,52.5,64.93650000000001,585.0,Medium Performer,67.40295462601912,591.0,66.59049999999999,6.0696753272260775,67.53508116819347
885,Electronics,7,76.79,6.3,1.86,3253,470,2.4,76.79,37.0,90.7,90.6,76.0,70.15200000000002,336.0,Medium Performer,70.29470287132223,445.0,74.96300000000001,8.152882593685941,70.40927935157852
886,Apparel,6,81.53,6.11,-9.82,482,717,6.98,81.53,38.9,50.9,85.66,30.19999999999999,56.425,873.0,Low Performer,59.385909393831966,885.0,54.997,4.855473622664388,61.4436315943339
887,Apparel,22,83.5,1.63,-9.35,885,896,7.38,83.5,83.7,53.25,82.08,26.200000000000003,67.4105,471.0,Medium Performer,70.67523410138249,420.0,64.2155,30.440296716410252,65.73992582089744
888,Pharma,6,87.38,2.13,3.83,2296,1495,2.6,87.38,78.7,80.85,70.1,74.0,79.8265,63.0,Medium Performer,80.99253560203238,70.0,79.62349999999999,6.624854115314225,83.36378647117144
889,Apparel,2,92.78,3.98,3.01,2312,1898,9.0,92.78,60.2,84.95,62.04,10.0,63.8305,635.0,Medium Performer,69.80846111308047,472.0,68.0325,2.8035114710080054,65.044122132248
890,Furniture,18,72.97,2.48,14.86,947,1125,4.98,72.97,75.2,25.700000000000003,77.5,50.199999999999996,62.336000000000006,700.0,Medium Performer,63.018703084012756,775.0,53.909000000000006,17.000901057846097,70.34227473553848
891,Apparel,20,96.69,3.61,-4.95,3682,1085,2.29,96.69,63.9,75.25,78.3,77.1,79.51950000000001,66.0,Medium Performer,81.00761696797825,69.0,77.8505,25.6481766485906,78.01045583785235
892,Pharma,15,70.37,7.16,-3.55,4617,1838,7.88,70.37,28.400000000000006,82.25,63.24,21.200000000000003,51.112500000000004,971.0,Low Performer,54.768730095710744,971.0,58.0455,15.59861674936706,51.09284581265824
893,Apparel,13,81.1,6.68,-7.16,3865,529,8.11,81.1,33.2,64.2,89.42,18.900000000000006,54.982,909.0,Low Performer,58.76836627673402,901.0,57.107,16.123652653062123,54.269086836734466
894,Furniture,11,70.82,5.23,12.94,296,821,6.75,70.82,47.699999999999996,35.3,83.58,32.5,53.324,936.0,Low Performer,55.11222124542124,967.0,49.292,14.886534728065783,59.03336631798355
895,Electronics,21,81.79,6.94,9.45,2479,1131,8.68,81.79,30.599999999999994,52.75,77.38,13.200000000000003,50.4775,982.0,Low Performer,54.78327148765214,970.0,50.658500000000004,27.44448420543432,49.53637894864141
896,Pharma,22,85.77,6.38,10.56,1040,245,7.64,85.77,36.2,47.199999999999996,95.1,23.60000000000001,56.090999999999994,879.0,Low Performer,59.55603429044074,881.0,53.964,26.705218465332408,54.7161953836669
897,Electronics,19,85.35,3.72,12.57,3360,1934,8.94,85.35,62.8,37.15,61.32,10.600000000000009,55.12949999999999,906.0,Low Performer,59.836554271534915,874.0,50.3545,17.56185539639355,60.297036150901604
898,Electronics,12,74.97,2.01,3.12,976,1407,4.9,74.97,79.9,84.4,71.86,51.0,72.512,244.0,Medium Performer,74.21976859269762,254.0,75.35000000000001,16.152826033324235,72.42929349166894
899,Electronics,3,89.37,4.36,1.28,3488,1614,7.73,89.37,56.4,93.6,67.72,22.69999999999999,66.26299999999999,527.0,Medium Performer,71.19254732364408,390.0,72.09100000000001,4.21885826279736,66.06278543430066
900,Food,19,71.34,6.02,-1.74,2657,936,10.0,71.34,39.800000000000004,91.3,81.28,0.0,53.175000000000004,940.0,Low Performer,57.95596119579345,919.0,62.311,18.83661130820514,48.07584717294872
901,Food,8,92.86,3.77,4.73,1124,566,7.52,92.86,62.3,76.35,88.68,24.80000000000001,68.71350000000001,399.0,Medium Performer,73.06136592224979,300.0,70.34249999999999,8.1663532571104,67.9484116857224
902,Electronics,16,98.4,5.5,1.36,4072,658,2.03,98.4,45.0,93.2,86.84,79.7,79.374,67.0,Medium Performer,80.98734439324116,71.0,81.939,22.635383545705317,75.11615411357367
903,Pharma,12,80.19,1.21,1.29,3849,243,5.66,80.19,87.9,93.55,95.14,43.4,78.2585,87.0,Medium Performer,80.44955784000945,76.0,82.3845,13.899740249833762,74.39756493754156
904,Furniture,19,85.52,6.11,13.42,4834,1065,6.29,85.52,38.9,32.900000000000006,78.7,37.1,55.60600000000001,894.0,Low Performer,58.31861765331443,908.0,49.834,19.49356931785879,60.506607670535296
905,Furniture,24,81.37,6.6,14.6,3201,1322,2.57,81.37,34.0,27.0,73.56,74.3,59.177,795.0,Low Performer,59.245755594942686,887.0,51.025000000000006,30.108261184892505,64.89043470377688
906,Apparel,13,70.2,5.8,9.91,3488,1671,9.67,70.2,42.0,50.45,66.58,3.299999999999997,46.445499999999996,994.0,Low Performer,50.65071206427981,994.0,47.250499999999995,13.93983659131851,50.39004085217037
907,Pharma,7,81.58,7.75,8.92,4623,588,2.58,81.58,22.5,55.4,88.24,74.2,62.073,712.0,Medium Performer,62.3107235495687,804.0,60.16,8.625458983968372,67.4136352540079
908,Food,21,93.75,6.7,7.01,3541,551,2.6,93.75,33.0,64.95,88.98,74.0,69.8155,351.0,Medium Performer,71.05453576745833,394.0,68.0805,23.464531982445337,69.32136700438866
909,Electronics,24,87.88,7.27,-5.85,756,123,9.24,87.88,27.30000000000001,70.75,97.54,7.599999999999994,55.07549999999999,907.0,Low Performer,60.04541703887511,866.0,58.69250000000001,27.227948063613386,48.888012984096655
910,Apparel,14,73.04,7.5,-8.52,3114,213,5.19,73.04,25.0,57.400000000000006,95.74,48.099999999999994,55.966,884.0,Low Performer,57.08724813895782,934.0,56.487,19.909112674800866,56.55772183129978
911,Furniture,21,95.41,6.51,7.27,803,1062,1.57,95.41,34.900000000000006,63.650000000000006,78.76,84.3,71.6315,281.0,Medium Performer,72.52446354720547,328.0,68.8605,14.832196343474969,74.94445091413125
912,Food,17,85.93,5.56,8.22,637,652,6.38,85.93,44.400000000000006,58.9,86.96000000000001,36.2,61.65000000000001,724.0,Medium Performer,64.6193580527,718.0,60.806999999999995,22.28615256507983,61.06096185873004
913,Food,19,95.25,0.54,-8.83,1384,483,6.42,95.25,94.6,55.85,90.34,35.8,76.7965,123.0,Medium Performer,80.14663058017251,83.0,71.92150000000001,26.392712957412673,74.81432176064683
914,Electronics,11,87.41,3.99,13.2,1897,706,1.58,87.41,60.099999999999994,34.0,85.88,84.2,71.776,276.0,Medium Performer,71.38634406238921,382.0,62.620000000000005,11.831612889409158,79.96959677764771
915,Furniture,24,86.79,4.78,-7.72,3984,262,9.75,86.79,52.199999999999996,61.4,94.76,2.5,58.273,827.0,Low Performer,63.29695034857615,759.0,59.138999999999996,33.30127370094312,52.047181574764224
916,Pharma,9,73.16,2.78,-2.85,3976,1831,5.9,73.16,72.2,85.75,63.38,41.0,67.3985,472.0,Medium Performer,69.84181139075977,468.0,71.57250000000002,9.073756859686517,69.32156078507838
917,Food,19,75.02,2.89,6.81,3367,914,6.04,75.02,71.1,65.95,81.72,39.6,66.26549999999999,526.0,Medium Performer,68.27947382724801,549.0,66.4185,20.292062526478215,66.35698436838045
918,Electronics,22,99.16,7.71,-5.75,4070,1955,5.68,99.16,22.900000000000006,71.25,60.9,43.2,60.8905,749.0,Medium Performer,65.23165350348576,692.0,61.91950000000001,22.989265008199446,60.56768374795014
919,Pharma,2,76.85,7.19,-8.61,3205,395,6.5,76.85,28.099999999999994,56.95,92.1,35.0,54.832499999999996,912.0,Low Performer,57.13417913269525,932.0,55.3825,2.780516865441034,59.29237078363974
920,Furniture,24,99.32,6.87,-1.72,4352,71,3.38,99.32,31.299999999999997,91.4,98.58,66.2,74.429,186.0,Medium Performer,76.76695691835044,174.0,77.90200000000002,20.4242511039944,69.0989372240014
921,Food,9,85.96,3.55,9.15,2248,524,3.59,85.96,64.5,54.25,89.52,64.1,71.82249999999999,272.0,Medium Performer,72.79750672338413,321.0,67.64649999999999,13.752265006846034,75.2019337482885
922,Pharma,7,74.07,0.6,0.34,214,439,5.6,74.07,94.0,98.3,91.22,44.0,78.38799999999999,85.0,Medium Performer,80.19987084958052,81.0,83.741,7.973086007440555,76.02422849813986
923,Pharma,6,72.98,1.1,6.32,2048,589,8.26,72.98,89.0,68.4,88.22,17.400000000000006,66.706,505.0,Medium Performer,69.80011019732954,474.0,67.768,7.937894584988826,67.86052635375279
924,Pharma,16,76.27,2.84,4.49,3107,1570,1.45,76.27,71.6,77.55,68.6,85.5,76.37349999999999,132.0,Medium Performer,75.9841634408602,201.0,76.4015,20.89186534836394,78.11953366290902
925,Food,23,97.77,0.62,-9.44,2134,1724,6.43,97.77,93.8,52.800000000000004,65.52000000000001,35.7,74.393,187.0,Medium Performer,78.42088857379181,130.0,68.70100000000001,28.29566622574999,74.7435834435625
926,Food,16,82.42,0.63,14.71,4478,1174,8.26,82.42,93.7,26.44999999999999,76.52,17.400000000000006,63.2505,667.0,Medium Performer,66.68788290204418,631.0,54.7435,17.277804603271807,69.06054884918206
927,Apparel,3,81.86,7.37,-8.96,452,752,2.41,81.86,26.299999999999997,55.199999999999996,84.96000000000001,75.9,63.089,679.0,Medium Performer,63.28743412501477,760.0,60.833,4.345423537756712,69.92864411556081
928,Furniture,2,79.4,5.8,14.2,463,1333,1.14,79.4,42.0,29.0,73.34,88.6,63.724000000000004,643.0,Medium Performer,62.725545385797,788.0,55.054,2.194059493711558,76.95148512657211
929,Electronics,24,74.41,2.82,3.75,94,684,3.81,74.41,71.8,81.25,86.32,61.9,73.4725,206.0,Medium Performer,74.13117929812122,260.0,75.59649999999999,25.290006442939656,70.70499838926507
930,Pharma,24,84.64,1.49,14.08,4207,320,6.29,84.64,85.1,29.599999999999994,93.6,37.1,67.887,445.0,Medium Performer,69.95879822757887,460.0,59.233,33.01300936091296,68.45674765977176
931,Apparel,12,73.9,4.34,-7.13,2517,480,2.24,73.9,56.6,64.35,90.4,77.6,70.5325,316.0,Medium Performer,69.89564575209737,464.0,69.3025,14.749799086888487,73.33755022827788
932,Electronics,11,95.06,0.54,2.26,917,1426,4.84,95.06,94.6,88.7,71.48,51.6,82.941,22.0,Top Performer,86.12621491196974,13.0,83.865,16.187207465255643,81.2681981336861
933,Apparel,19,81.11,7.54,-5.76,68,1675,5.97,81.11,24.599999999999994,71.2,66.5,40.300000000000004,55.873,886.0,Low Performer,58.911740115798175,898.0,58.757,22.561865052469102,55.86203373688272
934,Food,19,81.24,3.61,-8.73,414,1478,6.39,81.24,63.9,56.349999999999994,70.44,36.1,63.06349999999999,681.0,Medium Performer,65.90504986411437,661.0,61.2095,20.326673583756165,65.22833160406095
935,Pharma,18,84.22,3.52,5.44,3882,1791,3.47,84.22,64.8,72.8,64.18,65.3,71.86399999999999,266.0,Medium Performer,73.4230829965733,288.0,71.497,22.589076502886034,72.93273087427849
936,Electronics,9,83.32,3.43,-4.81,629,818,4.6,83.32,65.69999999999999,75.95,83.64,54.0,71.97749999999999,262.0,Medium Performer,73.82318678955451,272.0,72.8505,9.994289119042675,73.25642772023933
937,Electronics,16,99.85,1.02,4.69,595,181,8.01,99.85,89.8,76.55,96.38,19.900000000000006,77.50550000000001,104.0,Medium Performer,82.40710672338413,50.0,77.3455,17.20984796382174,73.08503800904455
938,Electronics,9,86.36,5.29,-7.19,4200,585,9.47,86.36,47.1,64.05,88.3,5.299999999999997,57.1805,860.0,Low Performer,62.18969982275789,808.0,58.7345,12.297398748580573,56.615650312854854
939,Electronics,18,72.65,6.0,-1.7,4923,40,8.76,72.65,40.0,91.5,99.2,12.400000000000006,57.92000000000001,837.0,Low Performer,61.633109299302845,826.0,66.335,28.1935982421901,49.21410043945248
940,Electronics,13,88.21,5.57,9.54,3089,56,6.08,88.21,44.3,52.300000000000004,98.88,39.2,63.111,677.0,Medium Performer,65.7178255701288,672.0,60.575,14.959199341011923,64.18770016474701
941,Apparel,9,74.55,1.54,0.93,4187,139,4.69,74.55,84.6,95.35,97.22,53.099999999999994,78.15950000000001,92.0,Medium Performer,79.30214011579817,104.0,82.8895,9.045465864685323,75.80113353382866
942,Pharma,15,70.93,4.84,5.69,4094,361,4.0,70.93,51.6,71.55,92.78,60.0,66.18950000000001,534.0,Medium Performer,66.52876816731656,634.0,67.8265,17.539630950300545,66.24759226242486
943,Food,5,99.12,4.77,6.19,4376,987,2.12,99.12,52.300000000000004,69.05,80.26,78.8,76.95450000000001,118.0,Medium Performer,78.44265787545787,127.0,74.2975,6.514801229895923,80.92629969252603
944,Food,2,93.21,7.01,11.09,502,1878,1.96,93.21,29.900000000000006,44.55,62.44,80.4,64.4445,604.0,Medium Performer,65.51670119343022,677.0,58.5185,2.502991811390988,75.25175204715225
945,Food,2,99.4,3.34,-1.88,4011,1655,7.2,99.4,66.6,90.6,66.9,28.0,72.35,252.0,Medium Performer,77.62470719602976,151.0,75.8,2.877692677788685,72.78057683055283
946,Food,20,84.34,3.29,7.18,1431,1614,3.34,84.34,67.1,64.1,67.72,66.6,71.78399999999999,273.0,Medium Performer,73.0612036157391,301.0,69.485,26.6603593531028,72.8449101617243
947,Apparel,17,85.97,5.14,14.04,1517,67,3.29,85.97,48.6,29.80000000000001,98.66,67.1,65.697,555.0,Medium Performer,66.01809672692897,654.0,57.275000000000006,16.64840780842631,71.25539804789341
948,Furniture,15,75.05,5.25,8.26,2788,1139,9.98,75.05,47.5,58.7,77.22,0.19999999999998863,50.957,975.0,Low Performer,55.59397669857024,960.0,52.806999999999995,16.520044948077672,51.55748876298058
949,Pharma,22,77.41,4.02,2.25,1266,821,2.69,77.41,59.800000000000004,88.75,83.58,73.1,74.46350000000001,182.0,Medium Performer,74.8518187167671,228.0,77.8275,20.324329872108564,72.49641753197287
950,Electronics,17,95.16,3.82,5.77,930,1363,2.33,95.16,61.800000000000004,71.15,72.74,76.7,77.2845,109.0,Medium Performer,78.75127144038755,115.0,75.0735,24.291909775142635,77.34202255621435
951,Furniture,6,80.69,4.21,8.49,3864,777,1.89,80.69,57.9,57.55,84.46000000000001,81.1,71.98049999999999,261.0,Medium Performer,71.65465163653549,371.0,68.47149999999999,4.809735281674318,78.72006617958141
952,Food,10,94.8,6.96,5.31,3199,1857,6.22,94.8,30.400000000000006,73.45,62.86,37.800000000000004,60.9035,747.0,Medium Performer,65.21594321162709,693.0,62.703500000000005,9.433335338755375,63.391666165311165
953,Furniture,3,91.27,3.96,-9.58,134,692,6.65,91.27,60.4,52.1,86.16,33.5,65.612,561.0,Medium Performer,69.00300881484107,511.0,62.21,3.2929185203968956,70.46927036990077
954,Pharma,19,75.32,7.55,-5.13,4194,1416,4.29,75.32,24.5,74.35,71.68,57.1,58.461499999999994,818.0,Low Performer,59.92574871794871,871.0,61.71949999999999,24.942886131798303,57.99427846705042
955,Electronics,7,85.22,4.28,10.26,1218,1195,5.82,85.22,57.199999999999996,48.7,76.1,41.8,63.141,675.0,Medium Performer,65.72289568710859,671.0,59.40899999999999,7.669685220812087,69.13757869479697
956,Electronics,10,90.32,7.62,-3.18,4214,1006,8.1,90.32,23.799999999999997,84.1,79.88,19.0,57.448999999999984,850.0,Low Performer,62.44946643034384,800.0,63.096999999999994,11.269541172571016,55.462614706857245
957,Pharma,2,77.05,6.75,8.29,3179,295,8.36,77.05,32.5,58.550000000000004,94.1,16.400000000000006,52.712500000000006,946.0,Low Performer,56.17846177478435,948.0,54.2725,2.26178885069092,55.92205278732727
958,Pharma,10,94.92,3.22,-0.7,3695,1104,9.62,94.92,67.8,96.5,77.92,3.8000000000000114,68.453,412.0,Medium Performer,74.78336169207137,233.0,74.68100000000001,12.345565244716493,63.54360868882088
959,Food,17,86.34,6.98,3.05,2576,1800,8.42,86.34,30.19999999999999,84.75,64.0,15.799999999999997,55.72449999999999,890.0,Low Performer,60.94171196975068,845.0,61.7405,16.250260780081994,54.0224348049795
960,Electronics,14,74.96,1.33,-8.3,2917,1487,6.08,74.96,86.7,58.5,70.26,39.2,67.804,451.0,Medium Performer,69.9014845799362,463.0,65.71300000000001,14.147904265465469,71.67802393363363
961,Furniture,10,87.49,7.44,-5.47,3566,895,2.62,87.49,25.599999999999994,72.65,82.1,73.8,66.5145,517.0,Medium Performer,67.5815868368191,583.0,67.3255,15.36184739759178,67.88203815060206
962,Apparel,22,99.99,5.24,13.93,3417,1600,1.9,99.99,47.599999999999994,30.349999999999994,68.0,81.0,69.4495,371.0,Medium Performer,70.59520482098546,426.0,59.0905,28.170556027666848,75.10486099308328
963,Apparel,14,74.52,0.91,12.25,2244,1868,1.49,74.52,90.9,38.75,62.64,85.1,74.17750000000001,191.5,Medium Performer,73.16886562684627,296.0,65.6755,18.930190081187966,82.89745247970302
964,Pharma,10,94.5,5.33,6.31,3605,406,7.0,94.5,46.7,68.45,91.88,30.0,65.4805,564.0,Medium Performer,69.51368713222261,488.0,65.88550000000001,12.116057062910432,64.77098573427239
965,Food,12,76.22,7.81,1.49,495,1548,8.27,76.22,21.900000000000006,92.55,69.03999999999999,17.30000000000001,52.5875,950.0,Low Performer,56.98846884083658,937.0,61.5155,14.063327404217423,50.339168148945646
966,Apparel,5,93.47,1.02,6.89,3676,35,5.58,93.47,89.8,65.55000000000001,99.3,44.2,79.0935,73.0,Medium Performer,81.74376559139785,59.0,76.1565,6.45713094609528,80.25321726347617
967,Electronics,3,92.04,4.66,5.47,4066,322,1.49,92.04,53.4,72.65,93.56,85.1,78.2355,90.0,Medium Performer,78.55353453857968,122.0,76.6365,4.0365682102056795,81.62585794744858
968,Pharma,7,79.01,6.11,4.21,3925,135,5.82,79.01,38.9,78.95,97.3,41.8,63.3605,662.0,Medium Performer,65.54169627791563,676.0,67.2145,9.584505944568406,62.5313735138579
969,Furniture,15,79.77,6.58,-8.52,3387,1441,9.42,79.77,34.2,57.400000000000006,71.18,5.799999999999997,49.36899999999999,984.0,Low Performer,54.1743766276734,978.0,50.872,17.62032132054198,50.537419669864505
970,Pharma,5,93.78,3.6,5.82,311,1598,6.38,93.78,64.0,70.9,68.03999999999999,36.2,68.813,397.0,Medium Performer,72.84953236440978,317.0,68.605,6.9553765562783205,71.75615586093042
971,Furniture,7,83.84,2.03,9.22,1898,1231,8.28,83.84,79.7,53.9,75.38,17.200000000000003,64.14,618.0,Medium Performer,68.17408479262673,554.0,61.69099999999999,4.947296495638529,68.94817587609037
972,Pharma,20,91.92,0.82,14.85,4075,820,8.2,91.92,91.8,25.75,83.6,18.0,66.34849999999999,524.0,Medium Performer,70.31468665957698,444.0,56.816500000000005,27.569148038900483,68.53771299027488
973,Pharma,7,74.44,4.85,-9.72,2316,197,9.39,74.44,51.5,51.4,96.06,6.099999999999994,53.742999999999995,930.0,Low Performer,57.43989044074205,928.0,53.699,7.802331660558676,56.05941708486033
974,Pharma,3,95.58,3.9,8.25,141,707,7.93,95.58,61.0,58.75,85.86,20.700000000000003,65.4625,566.0,Medium Performer,70.09433938319744,456.0,63.569500000000005,3.932029467781018,68.33699263305473
975,Furniture,19,91.33,7.62,4.29,4272,1850,7.73,91.33,23.799999999999997,78.55,63.0,22.69999999999999,55.9715,883.0,Low Performer,61.08731074087202,840.0,60.2235,20.33255464235572,54.37436133941107
976,Furniture,14,97.21,0.95,0.85,4225,819,3.11,97.21,90.5,95.75,83.62,68.9,88.29249999999999,2.0,Top Performer,90.3979939028713,1.0,89.7515,13.085255315782222,85.88118617105445
977,Pharma,10,73.97,5.64,-6.81,3359,725,1.54,73.97,43.6,65.95,85.5,84.6,68.4535,411.0,Medium Performer,67.5603875930521,585.0,67.8365,12.679408062633335,72.37264798434165
978,Apparel,24,87.79,0.69,0.23,1032,1517,5.66,87.79,93.1,98.85,69.66,43.4,80.0855,59.0,Top Performer,83.43496098310291,33.0,84.2515,21.59265348805824,75.67433662798544
979,Food,20,87.97,1.79,-1.14,3493,459,2.12,87.97,82.1,94.3,90.82,78.8,85.90299999999999,10.0,Top Performer,86.54618338650596,10.0,87.92099999999998,22.401290287109173,81.6171774282227
980,Food,14,80.6,3.9,-2.43,2583,532,9.66,80.6,61.0,87.85,89.36,3.4000000000000057,62.22349999999999,704.0,Medium Performer,67.16870003544841,602.0,68.51350000000001,14.525196864908372,57.61870078377291
981,Food,12,83.75,3.91,8.27,743,1904,3.61,83.75,60.9,58.650000000000006,61.92,63.9,68.1195,427.0,Medium Performer,69.59838376462247,485.0,65.2345,13.979921908095658,73.64251952297609
982,Furniture,2,71.14,5.64,7.52,4170,1387,8.68,71.14,43.6,62.400000000000006,72.26,13.200000000000003,51.467999999999996,963.0,Low Performer,55.153400898026696,966.0,53.994,2.7188836478389087,56.30527908804028
983,Furniture,23,92.38,7.33,4.73,205,995,4.49,92.38,26.700000000000003,76.35,80.1,55.099999999999994,64.8715,588.0,Medium Performer,67.59201545551223,581.0,66.81349999999999,25.34671168690934,62.208322078272666
984,Apparel,8,86.48,5.29,13.47,3638,667,3.91,86.48,47.1,32.64999999999999,86.66,60.9,63.4625,658.0,Medium Performer,64.51735805269998,724.0,55.9445,10.10332407586018,71.09416898103495
985,Food,22,71.73,7.65,-1.25,1862,606,9.42,71.73,23.5,93.75,87.88,5.799999999999997,51.4045,965.0,Low Performer,55.81622911497105,954.0,61.5165,29.653122568199187,42.84421935795021
986,Food,16,90.42,7.11,-3.9,4164,109,4.27,90.42,28.89999999999999,80.5,97.82,57.300000000000004,67.668,459.0,Medium Performer,69.77668699042891,475.0,70.416,17.25678383745988,64.84080404063504
987,Pharma,2,84.0,4.88,6.4,1457,625,4.51,84.0,51.2,68.0,87.5,54.900000000000006,67.93,443.0,Medium Performer,69.64379758950727,483.0,67.825,2.162898588512359,71.98427535287192
988,Furniture,13,71.03,6.75,-5.03,1266,957,1.95,71.03,32.5,74.85,80.86,80.5,64.8475,589.0,Medium Performer,64.26942705896253,731.0,67.0645,19.160255145720548,66.21743621356987
989,Food,8,99.09,5.32,-2.12,1460,1591,7.03,99.09,46.8,89.4,68.18,29.700000000000003,67.595,463.0,Medium Performer,72.78612343140729,322.0,71.741,9.472978176355348,66.52925545591116
990,Apparel,16,98.47,1.09,-4.38,3547,565,3.6,98.47,89.1,78.1,88.7,64.0,85.201,12.0,Top Performer,87.36552395131748,6.0,83.319,20.829244138022,82.68518896549449
991,Apparel,22,85.39,6.05,-8.27,4422,287,6.27,85.39,39.5,58.650000000000006,94.26,37.300000000000004,61.17550000000001,741.0,Medium Performer,63.89998804206546,742.0,60.5265,28.606868806380586,58.39578279840485
992,Food,20,72.81,1.21,10.69,4890,1726,6.32,72.81,87.9,46.550000000000004,65.47999999999999,36.8,64.7085,597.0,Medium Performer,66.7231279451731,627.0,60.5025,19.208049575688086,69.57548760607798
993,Furniture,2,92.64,4.96,-3.64,601,1732,7.47,92.64,50.4,81.8,65.36,25.299999999999997,64.258,613.0,Medium Performer,69.17885747370909,506.0,67.569,2.095649649531202,66.5610875876172
994,Apparel,18,84.76,5.77,1.83,3444,1659,7.71,84.76,42.300000000000004,90.85,66.82,22.900000000000006,60.8925,748.0,Medium Performer,65.50723058017252,678.0,67.3265,22.951250508744074,56.752187372813985
995,Pharma,18,79.07,1.0,-8.92,1226,500,5.63,79.07,90.0,55.4,90.0,43.7,72.27099999999999,254.0,Medium Performer,73.91767519792035,268.0,68.759,14.157666407794883,74.65308339805128
996,Apparel,4,84.74,2.23,7.48,4784,264,3.98,84.74,77.7,62.599999999999994,94.72,60.2,75.749,148.0,Medium Performer,76.82861564457048,172.0,72.89999999999999,4.63096190636926,79.50225952340769
997,Electronics,13,85.67,7.37,-1.74,4382,390,8.54,85.67,26.299999999999997,91.3,92.2,14.600000000000009,58.111,832.0,Low Performer,62.87355999054708,782.0,65.759,13.350261931778764,53.304934517055315
998,Electronics,7,86.88,5.12,8.62,1047,901,3.79,86.88,48.8,56.900000000000006,81.98,62.1,67.417,470.0,Medium Performer,68.85800673520028,519.0,64.56400000000001,9.954708598767315,71.95632285030818
999,Furniture,12,83.24,2.35,0.31,4126,551,5.57,83.24,76.5,98.45,88.98,44.3,76.62249999999999,127.0,Medium Performer,79.23764641380124,106.0,81.94849999999998,15.230677087571877,72.20233072810703
1000,Food,4,88.17,5.68,-5.11,2781,1297,4.61,88.17,43.2,74.45,74.06,53.9,66.6045,509.0,Medium Performer,69.107083138367,508.0,67.8225,5.752997037912541,69.87925074052187
